nih_disability,nih_deaf,nih_age,nih_sex,nih_education,nih_education_yrs,nih_zip,nih_employment,nih_memory,nih_walk_climb,nih_dress_bathe,nih_errand,nih_vaping_yn,nih_nicotine_yn,nih_vape_freq,nih_cig_smoke_freq,nih_smoking_yn,nih_history_smoking,nih_tobacco,nih_alcohol_yn,nih_lifetime_use_alcohol,nih_alcohol_yrs,nih_alcohol_frequency,nih_asthma,nih_cancer,nih_cancer_active_treatment,nih_cancer_past_yr,nih_cardiovascular_disease,nih_chronic_kidney_disease,nih_chronic_kidney_disease_treatment,nih_chronic_lung_disease,nih_diabetes,nih_hypertension,nih_immunosuppressive_condition,nih_serious_mental_illness,nih_mental_health_disorder,nih_sickle_cell_disease,nih_pregnancy,nih_immunocompromised,nih_autoimm,nih_copd,nih_chronic_lung,nih_depression,nih_alc_sub_abuse,nih_iv_drug_use,nih_othermh,nih_other_chronic_cond,nih_coronary_artery_disease,nih_coronary_artery_disease_angina,nih_heart_attack,nih_chf,nih_stroke,nih_immunodeficiency,nih_hiv,nih_anemia,nih_premature_birth,nih_chd,nih_cf,nih_cld_bpd,nih_copd_plus,nih_alz,nih_anxiety,nih_arrhythmia,nih_arthritis,nih_af,nih_chronic_pain,nih_fibromyalgia,nih_gerd,nih_gestational_diabetes,nih_cholesterol,nih_thyroid,nih_immuno_compromised_solid_organ,nih_ibd,nih_insomnia,nih_ibs,nih_liver_disease,nih_lupus,nih_migraines,nih_ms,nih_neurodegenerative,nih_neurological_condition,nih_no_chronic_condition,nih_obesity,nih_osteoporosis,nih_pcos,nih_psoriasis,nih_renal,nih_rls,nih_ra,nih_seasonal_allergies,nih_heart_condition,nih_sleep_apnea,nih_substance_use,nih_thalassemia,nih_t1d,nih_t2dm,nih_cough,nih_fever_chills,nih_diff_breath,nih_headache,nih_muscle_ache,nih_olfactory,nih_fatigue,nih_nausea_vomiting_diarrhea,nih_abdom_pain,nih_skin_rash,nih_conjunctivitis,nih_throat_congestion_nose,nih_red_eyes,nih_high_temp,nih_other_symp,nih_no_sympt,nih_wheezing,nih_blue_lips,nih_balance,nih_slurred_peech,nih_confusion,nih_neuro_shakes,nih_numb_extremities,nih_sweating,nih_seizures,nih_rash_toes,nih_appetite,nih_health_status,nih_height,nih_weight,nih_height_category,nih_weight_category,nih_record_id,consent_given,consentdt_mdy,consent_ident,consent_zip_2,consent_recontact,current_county,zip_code,sociodem_date_mdy,race_ethn_race,race_ethn_asian_detail_2,race_ethn_race_islander,race_ethn_orig_other,race_ethn_hispanic,race_ethn_hispanic_detail_2,age_yrs,bio_sex_birth_2,gender_identity_term_2,sex_orient_id,edu_years_of_school,housing_Date_mdy,household_famgen_3,household_homeless,household_congregate_3,household_other,jobloss_covid19_2,current_emplyment_status,cur_emply_stat_specify,employed_ew,employed_healthcare_2,hi_coverage_type,hi_loss_covid,covid_pandemic_challenges,cov_pan_chal_hlth_2,covid_pandenic_challenges_abod_2,covid_pandemic_challenges_food_2,covid_pandemic_challeges_wate_2,cov_pan_chal_med_2,cov_pan_chlng_trans_2,language_home,language_home_other,language_pref,language_pref_other,family_income,work_ppe_date_mdy,work_Wash_2,work_closecont_2,work_ppe_2,med_hx_date_mdy,work_wash_2,work_cont_2,current_conditions,cc_imm_2,cc_autoimm_2,cc_hypertension_2,cc_diabetes_2,cc_chronickd_2,cc_cancer_2,cc_cvd_2,cc_asthma_2,cc_copd_2,cc_clung_2,cc_sickle_2,cc_depression_2,cc_asud_2,cc_intrav_2,cc_othermh_2,cc_otherchroniccond_2,hlthstat_date_mdy,self_reported_height_coded,self_reported_height_feet,self_reported_height_inches,self_reported_height_meters,self_Reported_height_centimeters,self_reported_weight_units_2,self_reported_Weight_kgs,self_reported_weights_lbs,self_rpt_hlth_stat_asses,self_reported_disability,vacc_Date_mdy,flu_vaccinehistind_2,vacc_date_mdy,covid_vaccine,vaccine_reasons_3,vaccine_concerns_3,test_date_mdy,isolate_maintain_job,quarantine_maintain_job,tested_for_covid,tested_positive_for_covid,positivemonth_covidtest_2,positiveyear_covidtest_2,recentmonth_covidtest_2,recentresult_covidtest,cov_tst_mthd_2,test_accesswhere_2,test_accesseasy_2,test_desc,covid_test_date_mdy,covid_test_tar_dis_stat_2,covid_test_approval,covid_test_approval_other,covid_test_collection_setting,cov_tst_col_set_oth,covid_test_performed_location,cov_tst_perf_loc_oth,covid_test_study_setting,covid_test_study_setting_other,covid_test_type,covid_test_type_other,covid_test_name,covid_test_specimen_type,covid_test_specimen_type_other,covid_test_specimen_collector,cov_tst_spec_col_oth,covid_test_collect_datetime,covid_test_result_datetime,covid_test_result_sent_datetime,covid_test_result_raw,covid_test_result,covid_test_result_other,sym_date_mdy,covidsympdesc,covid_fever_2,covid_cough_2,covid_diffbreath_2,covid_fatigue_2,covid_myalgia_2,covid_headache_2,covid_olfactory_2,covid_runnynose_2,covid_nausea_2,covid_abpain_2,covid_other_2,alcohol_date_mdy,lifetime_use_alcohol,alcohol_daysperweek,smoker_number,covid_skinrash_2,alchol_date_mdy,smoker_cur_stat_2,vaper_cur_stat,iden_date_mdy,first_name,last_name,current_street,current_street2,current_city,current_state,mobile_phone,home_phone,other_phone,personal_email,other_email,preferred_contact_method_2,dob_mdy,sex_orient_desc_2,sex_orient_desc_other,missed_procedure_2,disability_date_mdy,disability_deaf_2,disability_blind_2,disability_decisions_2,disability_walking_2,disability_dress_2,disability_errands_2,vaccine_safe_2,vaccine_effective_2,vaccine_free_2,vaccine_no_pain_2,vaccine_conven_2,vaccine_manufac_2,vaccine_manfac_oth,vaccine_dos,vaccine_rec1_dte,vaccine_last_dte,vaccine_edu_pre,vaccine_edu_post,vaccine_literacy,vaccine_prev_expos,vaccine_options,vaccine_requirement,vaccine_booster,test_percvaccuneg_2,test_percvaccupos_2,test_pbene,test_pbeneworry_2,test_pbeneexposed_2,test_pbenesafe_2,test_pbenearound_2,self_reported_weight_units,vaccine_acceptance,flu_vaccine_season_3,pregnancy_status,nih_blind,name_of_rx_med1,name_of_rx_med2,name_of_rx_med3,name_of_rx_med4,name_of_rx_med5,name_of_rx_med6,name_of_rx_med7,name_of_rx_med8,name_of_rx_med9,name_of_rx_med10,name_of_rx_med11,name_of_rx_med12,name_of_rx_med13,name_of_rx_med14,name_of_rx_med15,take_presc_meds,comp_thrombosis,lab_tests_performed,viral_positive,cardio_assessment,assessment_other,pulm_othertest,imaging_other,ct_brain,ct_chest,ct_abdomen,lung_ultrasound,vasc_ultrasound,ab_ultrasound,neonatal_ultrasound,medications_antibiotics,medications_diabetic,medications_other,patient_death,discharge_location,treatment_other,treatment_ongoing,breakfast_precovid,schooling_present,hc_notrec,any_med_condition,any_care_condition,lim_abil_condition,therapy,therapy_condition,treatment,doc_question_yr,mri_brain,mri_abdomen,special_ser,more_care,lim_abil,mri_spine,child_iep,schooling_middle,use_meds,covid_pto,current_employment_status,cur_employ_stat_specify,test_for_covid,recentyear_covidtest_3
-9944,-9944,39,0,3,-9980,50943,2,-9944,-9944,-9944,-9944,-9944,-9944,-9944,-9944,-9944,-9944,-9944,-9940,-9944,-9944,-9944,-9944,0,-9941,-9944,1,0,-9941,0,0,98,0,0,-9944,0,0,0,0,0,0,-9944,-9944,0,-9944,0,-9944,0,-9944,0,0,0,0,0,0,0,0,-9980,-9944,0,-9944,0,0,0,0,0,0,-9944,0,0,0,0,0,-9944,0,0,0,0,0,0,-9980,0,0,0,0,-9980,0,-9980,0,-9944,0,-9980,-9980,0,0,1,0,0,1,0,-9944,-9960,0,0,0,-9944,0,0,-9980,0,-9980,0,0,0,-9944,-9944,0,0,0,0,0,-9944,-9944,68,184,-9944,-9944,TEST_898641,-9986,-9984,2,-9982,-9982,1,-9982,-9980,2,4,0,4,0,1,1,-9984,-9981,-9982,-9982,-9985,-9981,1,1,-9985,-9983,-9984,-9980,-9984,-9981,-9983,-9985,-9984,-9984,2,99,1,-9981,1,-9999,2,-9984,99,-9980,1,98,-9980,-9984,-9985,-9985,1,-9983,-9985,-9981,-9999,3,-9999,-9984,-9980,-9983,-9982,98,-9982,-9982,-9980,-9983,99,-9983,1,-9980,1,1,3,-9984,-9984,-9983,1,3,-9985,1,-9984,-9981,-9999,-9982,-9983,1,-9985,2,49,3,1,1,-9999,-9985,-9981,-9981,-9983,1,-9981,-9982,-9980,-9980,3,-9983,-9985,1,-9981,-9999,-9983,-9981,-9982,-9985,-9983,1,-9982,-9980,3,-9985,-9983,-9999,1,-9980,1,-9982,2,-9999,-9983,-9985,-9983,98,-9985,1,1,-9981,-9981,-9982,-9984,-9985,1,-9999,-9999,-9985,-9980,-9984,-9980,-9984,1,1,-9984,-9984,-9980,-9999,-9981,1,-9983,1,2,-9985,-9984,-9985,99,-9985,1,3,-9982,-9983,-9985,-9982,3,-9982,3,-9983,-9982,-9980,-9980,-9999,3,-9981,-9984,-9983,2,-9984,-9999,3,3,1,-9984,1,-9980,0,4,-9980,-9941,0,-9944,Clindamycin,Clindamycin,Tamiflu,Benicar,Prednisolone,Methylphenidate,Norvasc,Klonopin,Synthroid,Skip Logic,Skip Logic,Skip Logic,Skip Logic,Skip Logic,Losartan,1,1,1,0,1,0,0,0,0,1,0,1,1,1,0,1,1,1,1,1,1,0,1,1,1,0,1,1,1,0,1,0,1,1,0,0,1,0,0,0,0,3,0,1,3,1
-9944,-9944,58,1,5,-9980,-9942,0,-9944,-9944,-9944,-9944,-9944,-9944,-9944,-9944,-9944,-9944,-9944,-9940,-9944,-9944,-9944,-9944,0,-9941,-9944,0,0,-9941,0,98,0,1,0,-9944,0,0,0,0,0,0,-9944,-9944,0,-9944,0,-9944,0,-9944,0,0,0,0,0,0,0,0,-9980,-9944,0,-9944,0,0,0,0,0,0,-9944,0,0,0,0,0,-9944,0,0,0,0,0,0,-9980,1,0,0,1,-9980,0,-9980,0,-9944,1,-9980,-9980,0,0,1,0,0,0,0,-9944,0,0,0,0,-9944,0,0,-9980,0,-9980,0,0,0,-9944,-9944,0,0,0,0,0,-9944,-9944,63,179,-9944,-9944,TEST_596347,-9999,-9985,-9983,1,-9999,-9985,-9999,2,4,4,0,4,-9965,4,1,-9982,-9980,-9983,-9983,3,-9984,1,2,1,-9983,-9983,2,-9982,-9982,-9999,-9981,-9982,-9984,-9980,-9982,3,-9981,-9984,3,-9981,-9982,99,-9985,1,-9980,-9981,-9980,-9985,-9983,1,3,1,-9983,-9980,2,3,3,-9980,-9980,-9980,-9999,-9985,-9981,-9984,-9981,-9984,-9984,-9981,-9999,99,-9981,99,1,-9985,0,-9983,-9980,-9981,99,2,3,-9983,-9999,3,-9999,-9981,99,60,-9981,-9999,-9983,-9981,-9984,-9980,-9999,1,-9981,-9983,-9983,-9981,2,0,-9985,1,3,0,-9983,-9980,-9999,3,1,-9999,1,98,-9980,1,1,-9985,-9982,-9982,-9984,1,-9984,-9980,-9983,-9984,-9982,99,99,-9980,1,-9981,-9983,-9984,1,0,-9982,-9980,-9982,-9981,-9985,-9985,-9983,-9982,-9981,-9981,-9980,1,1,-9985,-9999,2,-9985,-9983,-9982,2,1,-9980,-9982,1,-9983,3,-9984,1,-9980,1,-9982,-9984,-9980,3,-9999,-9982,-9980,-9981,-9984,1,-9983,-9983,-9981,-9984,2,-9983,-9999,-9983,3,-9984,-9985,-9984,3,-9964,-9980,-9941,0,-9944,Aricept,Synthroid,Meloxicam,Albuterol,Insulin Detemir,Glucophage,Prinivil,Isosorbide,Lipitor,Skip Logic,Skip Logic,Skip Logic,Skip Logic,Skip Logic,Wellbutrin,1,1,0,0,0,0,0,1,0,1,0,1,0,1,1,0,1,1,0,1,0,0,0,1,0,0,1,1,0,1,0,1,0,1,1,0,0,0,1,0,1,3,3,3,2,1
-9944,-9944,94,1,4,-9980,26319,4,-9944,-9944,-9944,-9944,-9944,-9944,-9944,-9944,-9944,-9944,-9944,-9940,-9944,-9944,-9944,-9944,0,-9941,-9944,0,0,-9941,1,0,98,0,0,-9944,0,0,0,0,0,0,-9944,-9944,0,-9944,0,-9944,0,-9944,0,0,0,0,0,0,0,0,-9980,-9944,0,-9944,0,0,0,0,0,0,-9944,0,0,0,0,0,-9944,0,0,0,0,0,0,-9980,0,0,0,0,-9980,0,-9980,0,-9944,1,-9980,-9980,0,0,1,0,1,0,0,-9944,0,0,0,0,-9944,0,0,-9980,0,-9980,1,0,0,-9944,-9944,0,0,0,0,0,-9944,-9944,66,209,-9944,-9944,TEST_683905,3,3,-9999,1,-9999,-9984,-9984,-9980,6,4,99,1,4,4,-9982,99,1,2,-9999,-9981,-9981,-9981,-9983,2,-9985,-9983,-9981,1,1,-9981,-9984,1,1,-9982,1,3,-9980,-9983,-9984,-9982,99,-9984,-9980,-9982,-9980,-9985,1,-9984,-9983,2,-9981,-9980,98,98,-9984,-9981,-9984,-9982,-9980,2,99,1,3,2,99,-9982,-9983,-9981,-9999,-9983,-9985,-9981,2,2,-9982,2,-9999,-9999,99,-9984,0,2,-9980,-9984,-9985,3,99,19,1,-9980,-9982,-9983,3,-9980,-9984,-9985,-9981,2,-9980,-9982,-9984,-9985,-9984,0,-9982,-9985,1,-9984,-9983,-9984,1,-9999,-9981,-9999,-9981,-9982,-9999,1,-9984,-9982,-9981,1,-9985,-9980,99,1,-9982,1,-9999,-9999,-9981,-9981,-9980,-9983,-9999,1,-9980,-9982,-9983,-9980,-9982,-9982,-9982,-9980,2,-9981,-9985,-9980,-9999,-9982,-9982,-9980,-9982,-9984,-9983,-9985,1,-9981,99,-9999,1,3,-9999,-9981,-9999,1,-9982,-9980,1,-9982,-9980,-9999,-9981,-9985,-9980,-9980,2,-9984,1,-9980,-9981,-9999,-9980,-9984,-9981,-9983,-9983,3,-9982,-9945,-9980,-9941,1,-9944,Levocetirizine,Glucophage,Meloxicam,Flomax,Azithromycin,Prinivil,Lopressor,Lopressor,Methylphenidate,Prednisone,Skip Logic,Skip Logic,Skip Logic,Skip Logic,Cephalexin,1,1,1,1,0,1,1,1,0,0,0,0,1,0,1,1,1,1,1,1,0,1,1,1,0,0,1,1,0,0,1,0,0,1,1,1,1,0,0,1,0,3,1,1,1,1
-9944,-9944,70,1,3,-9980,12058,0,-9944,-9944,-9944,-9944,-9944,-9944,-9944,-9944,-9944,-9944,-9944,-9940,-9944,-9944,-9944,-9944,0,-9941,-9944,0,0,-9941,0,0,98,0,0,-9944,0,0,0,0,0,0,-9944,-9944,0,-9944,-9981,-9944,0,-9944,0,0,0,0,1,0,0,0,-9980,-9944,0,-9944,0,0,0,0,0,0,-9944,0,0,0,-9980,0,-9944,0,0,0,0,0,0,-9980,1,0,0,0,-9980,0,-9980,0,-9944,1,-9980,-9980,0,0,1,1,1,0,1,-9944,0,0,0,0,-9944,1,0,-9980,0,-9980,0,0,0,-9944,-9944,0,0,0,0,0,-9944,-9944,71,260,-9944,-9944,TEST_444654,98,-9999,-9981,-9982,1,-9981,-9981,-9982,2,6,1,6,4,4,-9982,-9985,-9983,-9981,1,3,1,-9983,-9981,-9980,2,-9984,1,3,-9980,-9981,-9999,2,-9983,1,-9999,-9982,1,3,-9984,1,-9981,99,2,-9982,2,-9980,-9984,-9984,98,3,-9982,1,0,3,-9999,2,-9982,-9999,-9980,-9985,1,-9985,-9982,-9981,-9982,1,2,-9984,-9982,-9984,2,-9985,-9984,-9982,-9982,-9999,-9984,-9984,-9999,3,-9999,-9982,-9985,2,-9983,-9983,-9984,75,-9985,3,-9980,-9982,1,-9999,-9980,-9984,-9984,-9984,-9983,-9984,-9983,-9982,-9981,-9980,1,3,-9980,-9984,98,-9982,3,1,-9980,-9984,3,-9984,99,-9983,1,-9999,-9985,-9981,1,2,-9999,3,2,-9983,-9980,-9983,-9983,1,-9999,-9981,1,-9980,3,-9983,-9999,1,-9980,-9999,-9984,1,-9999,-9982,-9982,-9999,-9985,-9982,-9981,-9984,1,-9982,-9985,-9982,2,-9984,-9983,-9980,-9981,1,-9985,-9999,-9981,1,-9984,-9983,3,-9981,-9980,-9999,-9982,-9999,-9981,-9984,-9980,-9984,-9981,-9982,99,-9981,-9985,3,-9982,-9983,-9982,-9999,99,-9964,-9980,-9941,0,-9944,Losartan,Microzide,Prometrium,Pravachol,Norvasc,Norgestimate,Coreg,Cyclobenzaprine,Prinivil,Norvasc,Skip Logic,Skip Logic,Skip Logic,Skip Logic,Januvia,1,1,1,1,1,1,1,0,1,0,0,0,1,1,1,1,0,1,1,1,1,0,0,1,0,0,1,1,0,0,0,1,1,0,1,1,0,0,0,1,0,1,1,1,1,3
-9944,-9944,84,1,3,-9980,00292,0,-9944,-9944,-9944,-9944,-9944,-9944,-9944,-9944,-9944,-9944,-9944,-9940,-9944,-9944,-9944,-9944,98,0,-9944,1,0,-9941,0,0,1,0,0,-9944,0,0,0,0,0,0,-9944,-9944,0,-9944,0,-9944,0,-9944,0,0,0,0,0,0,0,0,-9980,-9944,0,-9944,0,0,0,0,0,0,-9944,0,0,0,0,0,-9944,0,0,0,-9981,-9942,0,-9980,1,0,0,0,-9980,0,-9980,0,-9944,0,-9980,-9980,0,0,1,0,0,0,1,-9944,0,1,0,0,-9944,0,0,-9980,0,-9980,0,0,0,-9944,-9944,0,0,0,0,0,-9944,-9944,77,235,-9944,-9944,TEST_308706,-9966,-9981,99,-9983,-9981,-9982,2,-9985,4,4,0,4,4,1,-9999,-9999,-9984,-9985,1,2,98,-9999,-9999,1,98,3,-9982,-9999,1,1,-9984,-9982,1,-9981,2,-9999,-9999,1,-9984,-9982,-9999,2,-9999,1,3,99,-9984,-9982,1,-9985,1,-9981,98,-9981,-9982,1,-9984,0,3,-9980,-9999,-9982,-9985,-9982,-9981,-9985,-9980,1,-9980,-9983,-9982,-9982,-9985,-9985,-9980,99,-9999,-9981,1,-9984,-9982,-9984,-9982,-9982,-9985,-9981,-9999,52,-9984,-9982,-9985,1,-9981,-9982,-9981,3,3,-9985,-9983,2,-9984,-9981,-9985,-9983,-9999,-9980,-9984,-9980,-9982,-9985,-9985,-9984,-9999,-9980,0,-9981,-9999,-9999,3,-9999,-9980,-9999,-9983,-9984,-9985,1,-9984,1,-9983,-9983,3,-9980,-9985,3,-9981,-9980,-9999,-9981,1,3,-9981,0,-9982,-9981,-9985,-9981,1,-9981,0,-9981,-9980,-9985,-9982,3,99,-9999,-9980,-9984,3,1,-9983,-9982,-9983,2,-9999,-9985,-9981,-9983,98,3,-9982,3,1,1,99,-9999,-9980,-9982,1,3,1,1,-9984,-9985,-9985,-9982,99,-9985,-9981,-9944,-9980,-9941,99,-9944,Vicodin,Norgestimate,Tamiflu,Insulin Aspart,Coumadin,Tramadol,Vicodin,Apresoline,Meloxicam,Escitalopram,Prinivil,Skip Logic,Skip Logic,Skip Logic,Brimonidine,1,1,1,1,0,1,1,1,1,1,0,0,0,0,0,1,0,0,1,1,0,1,0,0,1,1,0,1,1,1,1,0,1,0,1,0,0,0,0,0,1,3,1,2,1,2
-9944,-9944,6,1,4,-9980,63899,0,-9944,-9944,-9944,-9944,-9944,-9944,-9944,-9944,-9944,-9944,-9944,-9940,-9944,-9944,-9944,-9944,98,1,-9944,0,0,-9941,0,0,0,0,0,-9944,0,0,0,0,0,0,-9944,-9944,0,-9944,0,-9944,0,-9944,0,0,0,0,0,0,1,0,-9980,-9944,0,-9944,0,1,0,0,0,0,-9944,0,0,0,-9983,0,-9944,0,0,0,0,0,0,-9980,1,0,0,0,-9980,0,-9980,0,-9944,0,-9980,-9980,0,0,0,0,1,0,0,-9944,0,-9941,0,0,-9944,0,0,-9980,0,-9980,0,0,0,-9944,-9944,0,0,0,0,0,-9944,-9944,78,63,-9944,-9944,TEST_976896,2,0,-9980,-9983,-9999,-9999,-9982,-9999,4,6,0,4,4,4,-9999,-9984,-9984,-9982,1,-9980,-9983,-9981,-9983,-9984,99,-9983,2,1,-9981,1,-9999,-9984,-9980,-9981,2,-9983,1,-9984,2,-9984,-9981,-9983,-9983,3,-9980,1,-9981,-9982,-9999,1,-9999,-9981,-9981,3,-9984,2,-9982,-9983,-9983,-9982,-9999,-9999,-9980,-9982,-9983,1,1,-9980,1,-9984,-9985,-9999,-9983,-9981,-9984,-9981,-9999,99,1,-9984,2,-9983,-9981,-9983,-9984,-9984,-9982,26,-9981,-9984,-9982,-9999,-9984,-9982,1,-9981,2,-9985,-9980,-9984,-9985,3,-9999,-9999,-9982,-9980,-9980,-9985,-9999,2,-9999,-9982,-9981,3,-9981,-9984,3,3,-9981,1,-9984,1,1,-9985,-9983,99,-9983,-9982,-9982,-9980,-9981,1,-9981,-9980,-9980,1,3,-9985,3,-9983,2,3,-9982,-9984,-9985,-9982,99,-9984,-9985,1,-9980,-9985,-9999,-9981,-9999,1,-9982,-9980,3,-9982,-9980,3,-9982,-9985,-9984,-9999,-9981,3,-9981,-9999,-9980,-9984,-9982,-9999,-9985,-9980,-9981,-9984,-9982,3,-9984,3,-9983,-9983,-9985,-9999,0,-9981,-9983,0,-9980,-9941,0,-9944,Amoxil,Synthroid,Microzide,Prinivil,Fluticasone,Lipitor,ProAir,Azithromycin,Sulfamethoxazole,Skip Logic,Skip Logic,Skip Logic,Skip Logic,Skip Logic,Timolol,1,0,0,1,0,0,1,0,0,0,1,0,1,0,1,0,0,1,1,1,1,1,1,0,0,1,0,0,1,0,1,1,1,1,1,1,1,1,1,0,0,1,3,1,1,3
-9944,-9944,81,1,2,-9980,27408,2,-9944,-9944,-9944,-9944,-9944,-9944,-9944,-9944,-9944,-9944,-9944,-9940,-9944,-9944,-9944,-9944,0,-9941,-9944,0,0,-9941,0,0,1,0,0,-9944,0,0,0,0,0,0,-9944,-9944,0,-9944,0,-9944,0,-9944,0,0,0,0,0,0,0,0,-9980,-9944,0,-9944,0,0,0,0,0,0,-9944,0,0,0,-9966,0,-9944,0,0,0,0,0,0,-9980,0,0,0,0,-9980,0,-9980,0,-9944,1,-9980,-9980,0,0,1,0,0,0,0,-9944,1,0,0,0,-9944,0,0,-9980,0,-9980,0,0,0,-9944,-9944,1,0,0,0,0,-9944,-9944,59,251,-9944,-9944,TEST_798007,-9962,-9984,98,-9984,-9981,-9999,-9981,-9985,6,2,1,3,4,1,-9999,-9980,-9985,-9980,-9981,-9982,-9982,-9980,-9980,-9985,3,-9982,-9999,-9982,1,-9980,-9984,1,3,-9981,-9984,-9999,-9985,-9985,-9983,-9980,-9984,-9982,99,2,-9984,1,-9985,-9985,2,-9999,-9985,-9980,3,-9984,-9981,3,-9982,-9999,99,-9984,-9983,1,-9984,3,-9999,-9982,-9984,2,-9999,-9981,1,-9981,1,-9981,-9983,-9980,-9980,2,-9984,-9980,-9983,-9999,1,3,-9983,2,-9981,20,98,1,-9984,1,-9983,1,-9981,-9999,-9983,-9980,-9984,-9999,2,-9985,1,-9984,1,99,-9980,-9984,99,1,-9980,2,3,3,-9983,-9985,-9982,-9999,-9999,-9999,-9983,98,-9984,-9984,98,-9983,-9984,-9985,-9981,-9985,-9983,-9984,-9980,-9984,1,0,-9983,-9980,-9985,-9980,-9984,-9982,1,-9981,1,-9980,-9982,-9999,1,-9985,1,-9981,-9984,2,-9985,-9982,-9984,-9985,-9984,1,-9999,1,-9999,-9984,-9980,-9981,-9982,1,99,3,-9984,2,-9999,-9999,2,-9984,-9983,3,2,-9984,-9981,2,-9999,-9981,1,-9999,3,-9981,2,-9966,-9980,-9941,0,-9944,Skip Logic,Skip Logic,Skip Logic,Skip Logic,Skip Logic,Skip Logic,Skip Logic,Skip Logic,Skip Logic,Skip Logic,Skip Logic,Skip Logic,Skip Logic,Skip Logic,Skip Logic,0,0,0,1,1,0,0,1,1,1,0,1,0,1,0,0,0,1,1,0,1,1,0,0,1,1,0,1,1,0,0,0,1,0,0,1,0,0,0,1,0,1,2,1,1,2
-9944,-9944,30,0,3,-9980,96276,0,-9944,-9944,-9944,-9944,-9944,-9944,-9944,-9944,-9944,-9944,-9944,-9940,-9944,-9944,-9944,-9944,0,-9941,-9944,1,0,-9941,0,0,0,0,0,-9944,0,0,0,0,0,0,-9944,-9944,0,-9944,0,-9944,0,-9944,0,0,0,0,0,1,0,0,-9980,-9944,0,-9944,0,0,0,0,0,0,-9944,0,0,0,0,0,-9944,0,0,0,0,0,0,-9980,0,0,0,-9946,-9980,0,-9980,0,-9944,1,-9980,-9980,0,0,0,0,1,0,0,-9944,-9967,0,0,0,-9944,1,0,-9980,0,-9980,0,0,0,-9944,-9944,0,0,0,0,0,-9944,-9944,67,289,-9944,-9944,TEST_459651,-9943,-9982,-9999,1,-9999,-9982,1,1,4,6,0,4,4,1,98,-9980,-9985,99,-9983,-9980,-9981,2,1,-9980,-9983,98,-9980,-9985,-9982,-9984,1,-9981,99,-9982,-9984,-9981,-9983,-9999,-9980,-9999,-9999,3,-9985,-9984,3,-9983,-9980,-9981,2,-9982,-9982,1,-9982,1,-9981,-9983,1,-9985,3,2,-9985,3,-9982,-9985,-9999,-9984,2,-9999,1,-9999,-9985,-9984,2,-9980,-9984,-9983,-9980,-9985,2,3,-9984,-9985,-9983,-9981,2,-9982,1,9,-9999,-9983,1,-9983,-9981,2,-9983,-9984,-9984,-9981,-9985,-9983,2,-9982,-9981,-9980,-9985,2,-9980,-9980,-9983,-9980,1,1,-9980,-9980,1,99,99,-9984,-9985,-9980,-9981,1,2,-9982,99,-9983,2,-9985,3,-9980,2,-9983,99,99,98,-9981,-9982,1,-9981,1,-9999,1,-9981,-9980,99,-9981,1,3,-9999,-9983,-9999,-9982,-9984,-9980,3,-9984,1,99,1,1,1,-9980,-9981,1,-9983,99,99,-9981,-9984,1,1,1,-9982,1,-9982,-9983,-9984,-9982,3,98,-9980,1,2,3,1,3,3,-9999,-9982,-9960,-9980,-9941,0,-9944,Fluoxetine,Desyrel,Ibuprofen,Glucophage,Vilanterol,Zyrtec,Glucotrol,Skip Logic,Skip Logic,Skip Logic,Skip Logic,Skip Logic,Skip Logic,Skip Logic,Venlafaxine,1,1,0,0,0,1,0,1,1,1,0,0,0,1,1,0,1,1,1,1,0,0,0,0,0,0,0,1,0,1,0,1,1,0,1,0,1,0,0,1,0,1,3,2,2,2
-9944,-9944,54,1,5,-9980,-9983,0,-9944,-9944,-9944,-9944,-9944,-9944,-9944,-9944,-9944,-9944,-9944,-9940,-9944,-9944,-9944,-9944,0,-9941,-9944,0,0,-9941,0,0,0,0,0,-9944,0,0,0,0,0,0,-9944,-9944,0,-9944,0,-9944,0,-9944,0,0,0,0,0,0,0,0,-9980,-9944,0,-9944,0,0,0,1,0,0,-9944,0,0,0,0,0,-9944,0,0,0,0,0,0,-9980,1,0,0,0,-9980,0,-9980,0,-9944,1,-9980,-9980,0,0,0,1,-9985,0,0,-9944,0,0,1,0,-9944,1,0,-9980,0,-9980,0,0,0,-9944,-9944,0,0,0,0,0,-9944,-9944,72,218,-9944,-9944,TEST_026052,2,1,-9982,-9999,-9983,-9982,1,-9984,2,4,0,-9945,4,1,-9980,1,1,-9999,99,-9984,3,-9985,-9985,3,-9985,-9983,2,-9982,99,-9983,-9983,1,-9985,-9983,-9981,-9985,-9981,1,3,2,-9980,-9980,-9983,-9985,-9983,-9983,1,-9981,3,-9985,-9981,-9983,-9984,-9985,-9982,1,-9984,-9982,-9985,-9984,-9980,-9983,1,-9984,-9985,-9985,-9983,-9985,-9980,-9984,-9980,1,-9981,0,-9983,-9981,-9982,-9985,-9984,1,-9984,-9999,-9980,-9984,-9999,-9999,-9984,83,3,1,-9982,0,-9984,-9982,-9983,98,-9980,-9999,-9981,1,3,-9982,-9983,-9983,-9980,2,-9981,1,-9981,1,1,-9981,-9982,-9999,3,1,-9984,1,-9980,-9982,1,-9983,-9982,-9982,99,-9980,-9980,2,2,-9984,-9981,-9984,-9984,-9981,3,-9982,-9981,3,-9999,3,1,-9980,-9999,-9981,1,1,-9999,-9999,99,-9982,2,1,-9981,1,-9999,-9982,2,3,2,1,-9999,-9980,-9980,-9980,-9980,-9983,-9985,-9985,-9985,-9982,3,-9985,-9999,-9999,-9981,-9981,-9985,-9985,-9981,1,-9999,3,2,1,-9985,-9984,-9981,1,-9981,-9980,-9980,-9941,0,-9944,Fluticasone,Montelukast,Skip Logic,Skip Logic,Skip Logic,Skip Logic,Skip Logic,Skip Logic,Skip Logic,Skip Logic,Skip Logic,Skip Logic,Skip Logic,Skip Logic,Benzonatate,1,0,0,1,1,1,0,0,1,1,0,0,0,0,1,0,0,0,1,0,0,1,0,1,0,0,0,0,1,1,1,1,1,0,1,1,0,0,1,1,0,2,3,1,3,1
-9944,-9944,67,1,3,-9980,20994,4,-9944,-9944,-9944,-9944,-9944,-9944,-9944,-9944,-9944,-9944,-9944,-9940,-9944,-9944,-9944,-9944,0,-9941,-9944,0,0,-9941,0,0,1,1,0,-9944,0,0,1,0,0,0,-9944,-9944,0,-9944,0,-9944,0,-9944,0,0,0,0,0,0,0,0,-9980,-9944,0,-9944,0,0,0,0,0,0,-9944,0,0,0,0,0,-9944,0,0,0,0,0,0,-9980,1,1,0,0,-9980,0,-9980,0,-9944,1,-9980,-9980,0,0,0,0,0,0,1,-9944,0,0,0,0,-9944,0,0,-9980,0,-9980,0,0,0,-9944,-9944,0,0,0,0,0,-9944,-9944,67,189,-9944,-9944,TEST_642144,2,1,99,-9980,1,-9983,-9982,-9982,98,4,0,4,4,1,-9983,-9985,-9985,1,-9985,-9980,0,-9999,1,-9980,-9980,-9984,-9982,2,3,-9983,-9980,-9982,-9983,-9999,-9984,2,-9999,1,-9984,-9980,1,-9980,1,-9980,-9981,-9982,-9984,-9985,-9985,-9983,-9985,-9984,-9983,-9983,-9999,-9983,1,-9983,-9982,2,-9983,2,3,3,-9983,-9983,-9984,-9980,-9999,-9984,-9999,1,-9984,-9983,-9982,3,-9984,-9984,-9981,3,1,-9980,-9982,-9980,1,-9980,-9982,22,-9985,-9980,-9982,3,-9985,99,-9999,-9983,-9984,-9980,-9981,-9999,3,3,-9981,3,-9984,-9984,1,1,-9984,-9982,99,-9983,-9982,-9985,-9999,-9984,-9983,-9981,-9980,1,3,-9984,-9999,1,-9983,-9984,-9981,-9982,-9980,-9985,0,-9985,-9981,99,-9981,-9982,-9981,-9980,-9980,1,-9984,3,-9983,-9984,-9982,-9984,-9984,-9983,-9980,-9982,-9999,99,-9982,-9999,-9980,-9985,0,3,-9985,-9982,-9999,1,-9980,99,-9980,-9985,99,1,-9999,3,-9981,-9980,-9983,-9999,-9985,-9983,-9984,-9999,-9983,99,2,-9983,-9983,-9999,1,2,-9984,-9985,1,-9982,-9980,-9941,0,-9944,Ibuprofen,Fioricet,Amoxil,Synthroid,Lopressor,Fluticasone,Ciprofloxacin,Prinivil,Lyrica,Lyrica,Clavulanate,Lopressor,Valtrex,Depacon,Clavulanate,1,0,0,1,0,0,1,0,1,0,0,0,0,1,0,1,0,0,1,0,0,0,1,1,1,1,1,0,1,1,1,0,0,0,1,0,0,0,0,0,1,3,3,2,3,3
-9944,-9944,23,0,5,-9980,80644,0,-9944,-9944,-9944,-9944,-9944,-9944,-9944,-9944,-9944,-9944,-9944,-9940,-9944,-9944,-9944,-9944,0,-9941,-9944,0,0,-9941,0,0,1,0,0,-9944,0,0,0,0,0,0,-9944,-9944,0,-9944,0,-9944,0,-9944,0,0,0,0,0,0,-9944,0,-9980,-9944,0,-9944,0,0,0,1,1,1,-9944,0,0,0,0,-9999,-9944,0,0,0,0,0,0,-9980,0,0,0,0,-9980,-9942,-9980,0,-9944,0,-9980,-9980,0,0,0,0,1,0,0,-9944,0,0,0,0,-9944,1,0,-9980,0,-9980,0,0,0,-9944,-9944,0,0,0,0,0,-9944,-9944,73,200,-9944,-9944,TEST_744063,99,-9985,-9981,-9999,-9983,1,-9981,-9999,4,4,1,1,4,4,-9982,-9999,-9983,3,-9985,1,2,-9981,-9985,-9985,3,-9985,99,-9981,-9983,-9984,-9981,-9983,-9983,-9999,-9999,-9983,-9983,98,2,-9985,-9985,-9985,-9981,-9984,-9982,-9983,-9980,-9983,-9999,-9980,-9982,-9981,-9983,0,-9981,-9999,-9982,-9999,-9982,-9982,-9980,-9999,-9999,-9984,-9980,-9984,-9984,-9983,1,-9985,-9981,-9984,-9980,-9982,2,-9984,-9999,-9983,-9983,-9984,-9999,1,-9984,-9981,-9985,-9983,-9982,73,-9984,-9985,-9982,-9982,-9980,-9982,-9983,-9981,-9999,-9982,1,-9983,3,-9983,-9985,1,-9980,-9980,1,2,1,-9985,-9980,-9984,-9980,0,0,-9985,-9982,-9981,-9980,-9982,-9982,-9981,-9999,-9981,-9984,1,3,2,3,1,-9999,99,-9985,3,3,-9981,99,1,-9984,-9981,-9980,-9981,3,-9984,-9981,3,-9982,-9982,-9984,-9984,98,1,-9983,-9985,-9981,-9980,2,-9981,-9981,-9983,-9981,-9985,0,-9983,-9982,1,-9983,-9983,-9982,-9982,-9981,-9983,-9982,3,-9999,1,-9981,1,-9999,3,-9984,-9981,-9983,-9984,-9984,-9983,-9983,-9983,-9985,99,-9980,-9941,0,-9944,Skip Logic,Skip Logic,Skip Logic,Skip Logic,Skip Logic,Skip Logic,Skip Logic,Skip Logic,Skip Logic,Skip Logic,Skip Logic,Skip Logic,Skip Logic,Skip Logic,Skip Logic,0,0,1,0,1,1,1,0,0,0,0,1,1,1,0,0,1,0,1,1,0,1,1,1,1,0,0,1,1,0,1,1,0,0,1,0,1,0,1,1,0,1,1,1,1,2
-9944,-9944,26,1,4,-9980,07142,0,-9944,-9944,-9944,-9944,-9944,-9944,-9944,-9944,-9944,-9944,-9944,-9940,-9944,-9944,-9944,-9944,0,-9941,-9944,0,1,-9960,0,0,0,0,0,-9944,0,0,0,0,0,0,-9944,-9944,-9984,-9944,0,-9944,0,-9944,0,0,0,0,0,1,0,0,-9980,-9944,0,-9944,0,0,0,0,0,0,-9944,0,0,0,0,0,-9944,0,0,-9940,0,1,0,-9980,0,0,0,0,-9980,0,-9980,0,-9944,0,-9980,-9980,0,0,0,0,1,0,0,-9944,1,0,0,0,-9944,0,0,-9980,0,-9980,0,0,0,-9944,-9944,0,0,0,0,0,-9944,-9944,76,164,-9944,-9944,TEST_755391,-9966,2,98,-9985,-9982,0,-9985,-9982,97,4,0,4,4,4,-9985,-9999,-9999,-9984,-9982,-9981,-9981,99,1,-9984,-9982,-9985,-9981,-9984,-9999,-9982,-9981,-9980,-9980,2,-9980,-9985,3,1,-9983,-9985,-9982,-9999,-9981,-9981,-9981,-9985,-9980,-9985,-9999,-9984,-9984,-9999,-9999,0,-9984,1,-9999,-9982,-9985,-9983,-9981,-9983,-9999,-9981,99,-9985,-9984,-9980,-9983,-9980,3,-9983,-9999,-9999,-9980,-9982,1,-9999,-9984,-9983,-9982,-9980,2,-9985,-9983,1,2,6,-9982,3,1,-9982,-9981,-9999,-9982,3,-9984,-9999,-9985,1,-9982,-9999,1,-9983,-9999,-9985,-9999,-9983,-9981,2,3,3,3,99,-9999,-9980,-9980,98,-9984,-9980,-9980,-9984,99,-9985,-9983,3,3,-9984,-9985,3,1,-9980,-9981,3,-9982,-9983,3,2,99,-9982,-9984,-9983,-9984,-9982,3,-9981,-9999,1,-9983,3,98,-9983,98,-9984,-9981,-9982,99,-9984,-9983,-9999,1,1,-9983,-9982,3,-9984,-9999,-9982,-9985,-9982,1,3,-9999,-9984,1,2,-9983,-9983,-9984,-9981,-9984,1,2,-9999,1,-9982,-9999,-9981,-9984,-9985,-9980,-9941,0,-9944,Hydroxychloroquine,Percocet,Tizanidine,Lopressor,Azelastine,Prinivil,Coumadin,ProAir,Wellbutrin,Salmeterol,Glucophage,Norgestimate,Lipitor,Codeine,Aspirin,1,1,1,1,0,0,0,0,0,1,0,0,1,1,1,0,1,1,1,0,1,1,1,0,1,1,1,1,1,1,0,0,1,0,1,1,0,1,0,0,0,1,1,2,1,3
-9944,-9944,50,0,4,-9980,12750,5,-9944,-9944,-9944,-9944,-9944,-9944,-9944,-9944,-9944,-9944,-9944,-9940,-9944,-9944,-9944,-9944,0,-9941,-9944,0,1,0,0,1,1,0,0,-9944,0,0,1,0,0,0,-9944,-9944,0,-9944,0,-9944,0,-9944,0,0,0,0,0,0,0,0,-9980,-9944,0,-9944,0,0,0,0,0,0,-9944,0,0,0,0,0,-9944,0,97,1,0,0,0,-9980,1,0,0,0,-9980,0,-9980,0,-9944,1,-9980,-9980,0,0,1,0,1,0,0,-9944,0,0,0,0,-9944,0,0,-9980,0,-9980,0,0,-9940,-9944,-9944,1,0,0,0,-9963,-9944,-9944,78,190,-9944,-9944,TEST_312758,-9960,-9984,-9981,-9983,-9985,-9985,-9981,-9982,4,6,0,4,2,4,99,-9985,-9982,-9980,-9982,-9981,-9982,98,-9985,-9983,1,-9999,-9983,-9980,-9980,-9980,98,-9980,-9985,1,-9983,-9983,-9981,-9980,-9982,1,-9980,-9983,-9981,-9981,1,-9980,-9984,-9983,99,-9999,1,-9981,-9983,-9980,-9981,-9985,-9999,-9999,2,-9983,-9999,-9981,1,-9984,-9984,-9981,2,-9984,-9980,-9984,2,2,-9985,-9980,2,99,-9985,1,-9985,2,-9983,-9982,-9980,1,-9983,-9983,-9985,32,-9999,-9999,-9985,-9983,-9983,2,-9982,-9980,-9981,99,-9984,-9982,-9984,-9982,-9984,-9983,-9982,-9999,-9980,1,2,-9999,-9985,2,3,-9985,-9982,-9982,99,-9985,-9984,1,-9983,-9982,-9984,-9982,-9982,-9982,2,-9984,-9985,99,-9985,-9981,-9983,1,-9981,-9982,-9981,-9980,2,-9982,-9981,1,2,1,-9985,-9980,-9981,-9981,-9999,-9981,-9985,-9999,1,2,-9983,-9983,-9983,-9983,-9983,-9999,-9984,-9983,-9981,-9984,-9982,-9981,98,-9981,-9981,-9999,1,1,-9983,-9985,-9984,2,-9983,2,2,1,1,-9980,-9984,-9980,3,-9985,-9984,-9999,-9984,-9985,-9980,-9941,0,-9944,Azithromycin,Skip Logic,Skip Logic,Skip Logic,Skip Logic,Skip Logic,Skip Logic,Skip Logic,Skip Logic,Skip Logic,Skip Logic,Skip Logic,Skip Logic,Skip Logic,Desyrel,1,1,1,0,0,1,0,0,1,1,0,1,0,1,1,1,0,0,0,1,1,0,0,1,0,0,0,0,1,1,0,0,1,1,0,0,0,1,0,1,1,1,2,1,2,2
-9944,-9944,72,0,5,-9980,02964,5,-9944,-9944,-9944,-9944,-9944,-9944,-9944,-9944,-9944,-9944,-9944,-9940,-9944,-9944,-9944,-9944,0,-9941,-9944,0,0,-9941,0,0,1,0,0,-9944,0,0,0,0,0,0,-9944,-9944,0,-9944,0,-9944,0,-9944,0,0,0,0,1,0,1,0,-9980,-9944,0,-9944,0,1,0,0,0,0,-9944,0,0,0,0,0,-9944,0,0,0,0,0,0,-9980,-9964,-9942,0,0,-9980,1,-9980,0,-9944,0,-9980,-9980,0,1,1,0,0,0,1,-9944,0,0,0,0,-9944,1,0,-9980,0,-9980,0,0,0,-9944,-9944,1,0,0,0,0,-9944,-9944,63,65,-9944,-9944,TEST_424246,-9964,-9980,3,-9980,-9980,-9985,2,-9984,4,6,99,4,98,4,-9981,-9984,-9984,2,-9980,1,-9985,-9985,1,2,-9984,-9983,2,2,-9984,-9985,-9984,-9982,1,-9984,-9981,-9983,3,-9980,-9980,-9984,-9999,-9983,-9982,1,3,-9983,-9982,2,99,1,-9982,-9983,2,-9999,-9985,-9980,-9981,-9984,-9985,3,-9983,99,-9981,-9982,-9985,-9985,1,-9984,-9985,1,-9999,1,-9982,-9981,-9980,-9984,-9982,-9983,2,-9999,-9981,-9999,-9984,-9985,2,-9980,-9983,56,3,-9984,-9980,-9985,-9981,-9985,-9984,-9983,-9983,-9982,1,-9984,1,2,-9982,1,-9983,-9980,-9984,-9982,-9999,-9999,-9999,1,-9999,-9981,-9980,1,-9980,-9999,-9999,-9983,-9981,3,-9983,-9980,1,3,1,-9982,3,1,-9980,-9985,-9980,-9981,3,99,0,-9980,-9982,-9983,-9981,-9985,-9999,2,3,-9983,-9985,1,-9984,-9982,-9980,-9983,-9984,-9981,-9980,-9985,-9981,-9985,-9999,-9985,1,98,1,-9982,2,-9982,-9981,-9983,-9980,-9982,1,1,-9985,-9999,-9982,99,-9985,1,1,-9982,-9982,-9980,-9984,-9985,-9982,-9980,-9982,-9980,99,-9984,-9980,-9941,1,-9944,Skip Logic,Skip Logic,Skip Logic,Skip Logic,Skip Logic,Skip Logic,Skip Logic,Skip Logic,Skip Logic,Skip Logic,Skip Logic,Skip Logic,Skip Logic,Skip Logic,Lipitor,1,0,1,0,1,0,1,1,0,0,0,0,1,0,0,1,0,1,0,0,1,1,0,0,1,1,1,1,0,1,1,1,1,0,0,1,1,0,0,0,0,1,1,1,1,1
-9944,-9944,22,1,5,-9980,27262,0,-9944,-9944,-9944,-9944,-9944,-9944,-9944,-9944,-9944,-9944,-9944,-9940,-9944,-9944,-9944,-9944,0,-9941,-9944,1,0,-9941,0,0,0,0,0,-9944,0,0,0,0,0,0,-9944,-9944,0,-9944,0,-9944,0,-9944,0,0,0,0,0,0,0,0,-9980,-9944,0,-9944,0,0,0,0,0,1,-9944,0,0,0,0,0,-9944,0,0,0,0,0,0,-9980,0,0,0,0,-9980,0,-9980,0,-9944,0,-9980,-9980,0,0,1,1,0,1,0,-9944,0,0,0,0,-9944,0,0,-9980,0,-9980,0,0,0,-9944,-9944,1,0,0,0,0,-9944,-9944,69,184,-9944,-9944,TEST_360587,1,-9999,-9981,-9982,-9980,-9982,-9984,-9983,4,98,0,1,4,4,-9983,-9980,2,-9985,-9983,1,-9984,-9983,-9981,-9999,-9980,-9985,-9999,0,-9984,-9980,-9984,-9980,-9980,-9999,-9981,0,-9982,-9985,-9983,-9980,-9981,-9999,-9982,-9985,-9981,2,-9982,-9999,1,-9985,-9980,-9984,-9980,-9984,-9982,-9999,-9982,-9981,-9999,-9980,-9981,-9982,-9982,1,-9984,2,99,-9984,-9983,99,3,3,-9984,1,-9983,-9981,-9981,1,-9999,98,-9982,-9980,-9983,1,-9983,-9984,-9980,1,-9984,-9999,-9981,-9983,-9983,-9980,-9985,2,-9981,-9984,1,2,-9980,-9984,2,-9981,-9982,-9980,2,-9982,-9981,3,-9983,-9982,-9982,-9981,3,-9984,-9981,-9980,-9984,-9984,3,-9980,-9984,-9980,-9981,-9984,-9980,99,-9980,1,-9980,2,-9999,2,3,-9985,-9983,-9980,2,-9984,1,99,-9983,-9983,-9999,-9980,-9982,-9981,-9981,-9981,-9982,-9999,2,-9981,-9981,1,-9982,-9985,-9983,-9999,-9981,-9982,-9999,99,1,-9984,-9981,-9981,-9985,1,-9980,-9980,-9983,-9981,-9985,1,-9984,-9999,-9984,-9981,-9982,-9999,-9982,-9982,-9983,1,1,1,1,-9940,-9980,-9941,0,-9944,Sertraline,Clavulanate,Proscar,Zocor,Tramadol,Norvasc,Gabapentin,Meloxicam,Montelukast,Lopressor,Tramadol,Feosol,Cymbalta,Crestor,Prinivil,1,0,1,1,0,0,0,1,1,0,1,1,0,0,0,1,1,0,1,1,0,0,0,0,1,1,0,0,0,0,1,0,1,1,1,1,0,1,0,0,1,2,1,1,1,1
-9944,-9944,28,1,3,-9980,93032,4,-9944,-9944,-9944,-9944,-9944,-9944,-9944,-9944,-9944,-9944,-9944,-9940,-9944,-9944,-9944,-9944,0,-9941,-9944,0,0,-9941,0,0,0,0,0,-9944,0,0,0,0,0,0,-9944,-9944,0,-9944,0,-9944,0,-9944,0,0,0,0,0,0,0,0,-9980,-9944,0,-9944,0,0,0,1,0,0,-9944,0,0,0,0,0,-9944,0,0,0,0,0,0,-9980,1,0,0,0,-9980,0,-9980,1,-9944,1,-9980,-9980,0,0,1,-9941,1,0,0,-9944,0,0,0,-9943,-9944,0,0,-9980,0,-9980,0,0,-9965,-9944,-9944,0,-9963,0,0,0,-9944,-9944,76,265,-9944,-9944,TEST_084398,-9940,-9980,-9999,-9983,1,0,3,-9985,1,4,0,6,4,4,-9982,-9982,-9985,-9980,-9980,-9983,-9981,1,-9980,1,-9982,-9981,-9999,-9980,-9980,-9983,-9999,-9982,-9983,99,-9983,-9982,-9982,-9982,-9984,-9984,2,-9985,3,99,-9999,3,-9980,-9999,2,-9984,-9999,-9999,-9983,1,-9985,-9981,3,-9980,1,-9981,-9981,-9985,-9982,-9984,3,-9983,-9985,3,-9999,-9983,-9985,2,3,-9980,-9981,-9999,1,1,-9999,-9999,-9982,98,1,-9999,-9981,1,-9984,24,-9982,-9982,1,-9999,1,1,-9981,-9984,-9980,1,3,-9984,-9983,-9980,-9980,-9980,-9984,-9981,-9981,-9999,1,2,1,2,-9981,-9983,-9999,98,-9982,-9980,-9984,99,-9984,-9981,-9984,1,-9984,-9981,99,-9983,3,-9999,1,-9982,-9999,1,3,-9981,-9982,99,-9982,2,2,-9981,-9984,-9983,-9980,-9981,3,-9982,-9984,-9980,-9984,-9980,-9984,-9984,-9984,-9999,-9981,99,-9982,1,-9984,-9999,-9983,-9985,3,-9981,1,-9982,1,1,1,1,3,-9985,-9984,-9981,-9999,-9981,-9982,-9999,-9981,-9999,-9980,-9980,-9983,1,-9985,-9999,2,-9967,-9980,-9941,0,-9944,Gabapentin,EstroGel,Furosemide,Fluticasone,Coreg,Norvasc,Coumadin,Prinivil,Augmentin,Jardiance,Skip Logic,Skip Logic,Skip Logic,Skip Logic,Lipitor,1,1,1,0,1,1,0,1,0,0,1,1,1,1,1,1,0,1,1,1,1,0,0,1,1,1,1,0,1,0,0,0,1,0,1,0,1,1,0,0,0,1,3,1,1,3
-9944,-9944,-9963,1,2,-9980,44930,0,-9944,-9944,-9944,-9944,-9944,-9944,-9944,-9944,-9944,-9944,-9944,-9940,-9944,-9944,-9944,-9944,0,-9941,-9944,0,1,0,0,0,1,0,0,-9944,0,0,0,0,0,0,-9944,-9944,0,-9944,0,-9944,0,-9944,0,0,0,0,0,1,0,0,-9980,-9944,0,-9944,0,0,0,1,0,0,-9944,0,0,0,0,0,-9944,0,0,0,0,0,0,-9980,0,0,0,0,-9980,0,-9980,0,-9944,0,-9980,-9980,0,0,1,0,0,0,0,-9944,0,1,0,0,-9944,0,0,-9980,0,-9980,0,0,0,-9944,-9944,0,0,0,0,0,-9944,-9944,70,65,-9944,-9944,TEST_460603,-9946,-9999,-9999,-9982,-9982,1,-9983,-9980,4,6,0,4,4,4,-9985,-9981,-9999,3,-9983,1,-9982,1,3,-9982,98,99,-9985,-9983,-9984,-9983,-9981,1,-9984,3,-9981,-9984,3,-9984,3,98,1,-9999,-9983,-9981,-9999,-9980,-9980,-9983,-9980,-9985,-9980,-9999,-9983,-9999,-9985,-9999,-9984,-9980,1,-9981,-9980,-9982,-9999,1,2,-9983,99,-9985,-9999,-9985,-9980,99,-9984,1,-9981,-9980,-9984,-9982,-9981,-9985,-9983,-9983,-9983,-9985,-9984,-9985,2,8,-9981,-9981,99,-9985,-9999,-9983,-9984,-9984,-9985,-9982,-9984,-9985,-9980,3,1,-9983,2,-9983,-9985,3,-9999,-9985,1,-9982,-9981,-9999,-9983,0,-9983,1,-9981,-9981,99,-9999,-9982,-9982,-9999,-9982,-9985,-9983,-9983,-9999,1,99,-9982,-9980,-9999,-9984,-9985,-9984,-9981,-9985,-9984,-9980,-9982,-9985,-9982,-9985,-9982,-9984,-9980,-9980,99,-9984,-9983,-9981,-9999,3,2,1,-9999,-9980,-9982,-9985,-9980,-9980,-9983,-9999,-9984,-9980,-9984,-9999,-9984,-9981,1,-9985,-9982,-9999,-9980,1,3,-9980,-9985,-9999,-9984,-9999,1,3,-9999,-9985,-9981,-9965,-9980,-9941,-9940,-9944,Skip Logic,Skip Logic,Skip Logic,Skip Logic,Skip Logic,Skip Logic,Skip Logic,Skip Logic,Skip Logic,Skip Logic,Skip Logic,Skip Logic,Skip Logic,Skip Logic,Keppra,1,0,0,0,0,1,0,1,1,1,1,1,1,1,1,0,1,0,0,0,1,1,0,0,0,1,0,1,1,1,1,0,0,0,0,0,1,1,0,0,0,2,2,1,2,1
-9944,-9944,36,1,4,-9980,55231,0,-9944,-9944,-9944,-9944,-9944,-9944,-9944,-9944,-9944,-9944,-9944,-9940,-9944,-9944,-9944,-9944,1,0,-9944,0,0,-9941,0,0,0,0,0,-9944,0,0,0,0,0,0,-9944,-9944,0,-9944,0,-9944,0,-9944,0,0,0,0,0,0,0,0,-9980,-9944,0,-9944,0,0,0,0,0,0,-9944,0,0,0,0,0,-9944,0,0,0,0,0,0,-9980,1,0,0,1,-9980,0,-9980,0,-9944,1,-9980,-9980,0,0,1,0,0,0,0,-9944,1,0,0,0,-9944,0,0,-9980,0,-9980,0,0,0,-9944,-9944,0,0,0,0,0,-9944,-9944,63,85,-9944,-9944,TEST_373014,-9942,1,-9982,-9984,1,-9983,-9980,-9982,4,6,0,4,4,4,3,1,-9980,-9981,-9982,-9980,2,1,-9981,-9999,-9980,3,2,-9981,-9984,-9982,-9982,-9999,-9984,-9999,-9980,1,-9985,99,-9982,98,-9985,-9983,-9983,1,3,-9999,1,-9982,-9983,-9981,-9982,2,3,1,1,-9980,-9999,-9982,-9985,-9982,-9980,-9999,-9999,3,3,-9982,-9981,99,-9982,-9999,-9984,-9999,3,-9984,-9982,-9981,-9983,-9981,-9985,1,-9983,-9985,-9982,-9982,2,-9980,1,96,-9984,-9984,-9983,1,1,-9999,-9999,-9982,1,-9982,-9980,-9984,-9982,-9999,-9983,-9985,1,1,1,-9980,-9981,2,1,-9980,-9999,1,-9982,-9980,1,1,1,-9983,-9981,-9981,-9981,1,-9980,-9981,1,-9985,-9983,-9999,-9983,-9980,2,-9981,-9982,-9981,-9981,-9983,-9999,-9984,-9982,1,-9983,-9983,-9985,-9984,1,-9982,-9985,-9982,-9984,-9980,-9981,3,1,3,98,-9980,1,2,1,-9983,99,98,-9983,-9983,1,-9983,-9985,-9981,-9984,3,-9982,-9984,-9984,3,-9980,1,-9981,-9982,-9984,-9985,-9984,2,-9981,-9985,-9980,3,-9985,-9963,-9980,-9941,0,-9944,Fluticasone,Skip Logic,Skip Logic,Skip Logic,Skip Logic,Skip Logic,Skip Logic,Skip Logic,Skip Logic,Skip Logic,Skip Logic,Skip Logic,Skip Logic,Skip Logic,Formoterol,1,1,0,1,0,0,1,1,0,1,1,0,1,0,1,0,0,0,1,1,0,1,1,0,0,1,1,1,0,1,0,0,0,1,1,1,0,0,1,1,0,1,1,1,3,3
-9944,-9944,38,0,2,-9980,39535,0,-9944,-9944,-9944,-9944,-9944,-9944,-9944,-9944,-9944,-9944,-9944,-9940,-9944,-9944,-9944,-9944,0,-9941,-9944,0,0,-9941,0,0,0,0,0,-9944,0,0,0,0,0,0,-9944,-9944,0,-9944,0,-9944,0,-9944,0,0,0,0,0,1,0,0,-9980,-9944,0,-9944,0,0,0,0,0,0,-9944,0,-9962,0,0,0,-9944,0,0,0,0,0,0,-9980,0,0,0,0,-9980,0,-9980,0,-9944,1,-9980,-9980,0,0,1,1,1,0,0,-9944,0,1,0,0,-9944,0,0,-9980,0,-9980,0,0,0,-9944,-9944,0,0,0,0,0,-9944,-9944,67,209,-9944,-9944,TEST_963872,-9987,-9985,1,-9984,2,-9983,-9985,-9985,4,4,0,4,4,4,-9981,-9982,1,-9981,-9981,-9999,-9982,-9980,-9981,3,-9982,3,1,-9999,-9984,-9983,-9983,-9983,-9984,-9984,-9985,2,-9985,-9981,-9981,-9981,-9981,-9983,-9999,-9980,-9999,98,-9984,3,-9980,2,98,-9981,-9999,-9985,-9981,-9985,-9985,-9981,-9983,-9981,-9984,-9983,-9985,-9984,-9981,-9985,-9983,3,-9983,-9984,-9982,-9984,-9985,1,-9999,-9982,-9983,-9983,1,-9985,3,1,-9984,-9999,-9980,-9985,-9985,42,-9999,-9980,3,-9999,2,1,-9982,1,-9985,-9980,3,-9985,-9981,-9985,-9982,-9984,-9984,-9981,-9984,-9985,-9985,-9984,-9982,-9983,-9985,-9980,-9983,-9980,3,-9982,1,-9982,-9999,98,-9980,-9985,-9985,-9983,-9999,2,99,-9985,-9982,-9985,-9985,-9985,-9982,-9982,1,-9984,-9984,-9982,-9999,-9982,-9982,2,1,3,-9984,0,-9999,1,2,1,-9983,-9999,-9982,-9980,-9983,-9984,-9985,99,-9985,-9984,-9985,99,-9980,-9981,3,-9980,-9999,-9999,1,-9984,1,-9999,1,-9980,-9984,-9984,-9982,99,99,-9985,-9982,-9981,1,-9985,1,-9981,3,-9942,-9980,-9941,0,-9944,Skip Logic,Skip Logic,Skip Logic,Skip Logic,Skip Logic,Skip Logic,Skip Logic,Skip Logic,Skip Logic,Skip Logic,Skip Logic,Skip Logic,Skip Logic,Skip Logic,Skip Logic,0,1,1,0,1,1,0,0,0,1,1,0,1,1,0,0,1,1,1,0,0,0,1,0,0,0,1,1,0,0,1,1,0,1,1,1,0,0,0,1,0,1,2,3,1,1
-9944,-9944,35,1,2,-9980,36156,0,-9944,-9944,-9944,-9944,-9944,-9944,-9944,-9944,-9944,-9944,-9944,-9940,-9944,-9944,-9944,-9944,0,-9941,-9944,0,0,-9941,0,0,1,0,0,-9944,0,0,0,0,0,0,-9944,-9944,0,-9944,0,-9944,0,-9944,0,-9986,0,0,0,0,1,0,-9980,-9944,0,-9944,0,0,0,1,0,0,-9944,0,0,0,0,0,-9944,0,0,0,0,0,0,-9980,0,1,0,0,-9980,0,-9980,0,-9944,1,-9980,-9980,0,0,1,0,1,0,1,-9944,0,0,0,0,-9944,-9965,0,-9980,0,-9980,0,0,0,-9944,-9944,0,0,0,0,0,-9944,-9944,77,279,-9944,-9944,TEST_765617,99,-9982,99,-9980,0,2,-9980,-9985,4,1,1,6,2,2,-9980,2,-9982,1,-9985,2,1,-9982,-9982,-9984,1,99,-9983,-9985,-9981,-9984,2,1,1,2,-9984,2,-9985,0,-9985,-9985,2,-9983,1,-9985,-9999,3,-9985,-9984,-9983,1,-9982,-9981,-9983,0,99,-9982,-9983,1,-9984,-9980,-9982,-9985,1,-9983,-9983,-9983,-9985,-9980,-9983,-9985,-9981,-9980,99,-9980,-9982,1,-9999,1,-9981,3,99,-9983,-9980,-9982,-9985,-9983,-9981,52,-9985,99,1,-9984,-9999,-9983,-9980,-9985,1,-9982,-9981,0,-9980,-9981,-9982,-9999,-9981,-9983,-9982,-9980,-9982,-9999,-9981,1,-9981,1,-9999,-9984,-9985,2,-9983,99,1,2,-9985,-9981,-9984,-9983,-9985,2,-9981,3,-9984,-9982,-9999,-9980,1,-9981,-9980,-9999,-9982,-9984,99,3,1,-9982,-9999,-9999,-9985,3,2,-9981,-9982,1,-9999,-9985,-9999,-9981,-9984,-9985,-9985,-9981,-9985,-9981,-9980,2,1,3,3,3,-9983,1,-9981,-9981,3,-9984,-9985,-9981,-9981,-9981,-9983,-9984,-9980,-9982,-9985,2,-9980,-9984,-9980,-9983,-9981,97,-9980,-9941,1,-9944,Skip Logic,Skip Logic,Skip Logic,Skip Logic,Skip Logic,Skip Logic,Skip Logic,Skip Logic,Skip Logic,Skip Logic,Skip Logic,Skip Logic,Skip Logic,Skip Logic,Skip Logic,0,1,1,1,1,1,1,0,1,0,1,0,0,0,1,0,1,1,1,1,0,0,1,1,0,0,0,0,0,1,0,0,1,1,1,0,0,0,1,1,0,3,1,1,3,0
-9944,-9944,62,1,3,-9980,94486,0,-9944,-9944,-9944,-9944,-9944,-9944,-9944,-9944,-9944,-9944,-9944,-9940,-9944,-9944,-9944,-9944,98,0,-9944,0,0,-9941,0,0,0,0,0,-9944,0,0,0,0,0,0,-9944,-9944,0,-9944,0,-9944,0,-9944,97,0,0,0,0,0,1,0,-9980,-9944,0,-9944,0,1,0,1,0,0,-9944,0,1,0,0,0,-9944,0,0,0,0,0,0,-9980,0,0,0,0,-9980,0,-9980,0,-9944,0,-9980,-9980,0,0,1,0,0,0,0,-9944,0,0,0,0,-9944,0,0,-9980,0,-9980,0,0,0,-9944,-9944,0,0,0,0,0,-9944,-9944,67,44,-9944,-9944,TEST_463956,-9964,2,-9984,-9981,-9980,2,-9982,-9984,4,4,0,1,-9940,4,-9984,-9999,-9999,-9985,1,-9982,99,3,-9980,2,-9983,1,3,-9981,-9985,-9999,-9999,-9981,-9981,-9985,-9981,-9985,-9983,-9985,1,-9999,3,-9985,3,1,-9981,1,1,-9999,-9983,3,2,-9983,3,-9983,3,-9983,-9981,-9985,-9984,3,-9984,-9982,-9984,-9984,-9981,-9984,98,-9985,-9984,-9981,-9983,-9984,-9984,-9983,99,-9983,2,-9983,-9980,-9984,-9980,-9982,1,-9981,1,-9981,0,-9940,3,2,-9984,-9984,-9985,-9982,1,1,-9981,-9984,-9982,1,-9984,1,-9999,-9982,2,-9982,-9983,-9981,-9984,-9980,-9983,-9985,-9983,-9999,-9985,2,-9984,-9980,-9984,98,-9999,-9985,-9983,-9981,-9984,3,98,1,-9985,-9984,2,-9985,-9985,-9985,-9999,-9981,-9985,-9981,-9981,-9981,2,-9999,-9980,-9982,-9999,0,-9982,-9984,-9980,-9983,-9981,-9985,-9999,-9981,-9985,1,3,-9981,99,2,98,-9982,-9999,-9984,-9985,-9985,2,-9984,-9983,-9984,-9999,-9985,-9980,-9983,-9984,-9981,-9985,99,-9984,-9999,-9985,1,-9982,-9985,1,1,1,-9985,-9985,-9943,-9980,-9941,0,-9944,Meloxicam,Augmentin,Lipitor,Skip Logic,Skip Logic,Skip Logic,Skip Logic,Skip Logic,Skip Logic,Skip Logic,Skip Logic,Skip Logic,Skip Logic,Skip Logic,Cephalexin,1,0,0,1,1,1,0,0,0,0,0,1,0,1,0,0,1,0,1,1,1,0,0,1,0,0,0,1,0,1,0,0,1,0,0,0,1,1,0,1,1,3,1,0,1,1
-9944,-9944,63,0,1,-9980,03899,0,-9944,-9944,-9944,-9944,-9944,-9944,-9944,-9944,-9944,-9944,-9944,-9940,-9944,-9944,-9944,-9944,0,-9941,-9944,1,0,-9941,0,0,0,0,0,-9944,0,0,0,0,0,0,-9944,-9944,0,-9944,0,-9944,0,-9944,0,0,0,0,1,0,0,0,-9980,-9944,0,-9944,0,0,0,0,0,0,-9944,0,0,0,0,0,-9944,1,0,0,0,0,0,-9980,1,0,0,0,-9980,0,-9980,0,-9944,0,-9980,-9980,0,0,1,0,0,0,0,-9944,0,0,0,0,-9944,0,0,-9980,0,-9980,0,97,0,-9944,-9944,0,0,0,0,0,-9944,-9944,73,191,-9944,-9944,TEST_472107,98,-9980,-9999,2,-9980,-9985,-9984,-9982,1,6,0,4,4,4,-9980,-9981,-9982,1,-9982,-9981,-9984,-9980,-9980,-9980,-9981,2,-9999,1,2,-9984,-9981,-9984,-9983,1,-9980,3,-9999,99,-9980,-9982,-9980,-9999,-9999,0,-9980,-9984,2,-9983,-9985,-9983,-9984,-9984,-9999,-9999,-9984,-9999,-9999,1,-9985,-9984,-9984,3,3,2,-9999,2,-9980,3,-9983,-9983,-9982,-9984,1,2,-9985,-9985,-9983,-9981,-9981,-9983,-9983,-9985,1,98,-9999,-9981,-9980,55,-9984,2,1,-9983,-9984,-9985,-9981,-9981,-9985,-9982,-9980,3,-9985,-9999,1,-9981,-9980,1,-9999,-9984,1,-9980,-9983,-9983,-9981,1,-9982,-9984,2,3,-9981,-9985,-9983,-9982,-9999,-9982,1,-9982,3,-9983,1,-9999,-9980,-9983,-9984,1,3,-9999,-9980,-9983,-9999,2,-9984,-9999,1,1,-9982,-9983,1,-9983,2,-9981,-9981,-9980,1,-9999,1,-9983,-9985,2,3,-9983,99,-9982,-9982,-9984,2,-9984,1,-9999,-9980,-9980,1,-9985,-9980,-9982,99,-9980,99,-9981,-9980,-9982,1,-9999,-9983,3,-9999,1,-9984,-9980,1,-9982,-9980,-9941,0,-9944,Ambien,Baclofen,Skip Logic,Skip Logic,Skip Logic,Skip Logic,Skip Logic,Skip Logic,Skip Logic,Skip Logic,Skip Logic,Skip Logic,Skip Logic,Skip Logic,Insulin Glargine,1,0,0,0,1,1,1,0,0,1,0,0,1,0,1,1,0,0,1,0,0,1,0,0,1,0,1,0,0,1,1,0,1,1,0,0,1,1,0,0,0,1,1,2,3,2
-9944,-9944,64,0,5,-9980,68152,3,-9944,-9944,-9944,-9944,-9944,-9944,-9944,-9944,-9944,-9944,-9944,-9940,-9944,-9944,-9944,-9944,0,-9941,-9944,0,0,-9941,0,1,0,0,0,-9944,0,0,0,0,0,0,-9944,-9944,0,-9944,0,-9944,0,-9944,0,0,0,0,0,0,0,0,-9980,-9944,0,-9944,0,1,0,0,0,0,-9944,0,0,0,0,0,-9944,0,0,0,0,0,0,-9980,1,0,0,0,-9980,0,-9980,0,-9944,0,-9980,-9980,0,1,1,0,0,0,0,-9944,0,0,0,0,-9944,0,0,-9980,0,-9980,1,0,0,-9944,-9944,0,0,0,0,0,-9944,-9944,62,119,-9944,-9944,TEST_085587,-9941,-9980,1,-9982,1,-9980,-9982,-9981,4,4,0,6,4,6,-9981,-9980,-9999,-9981,-9983,1,2,-9984,-9981,-9983,-9981,1,1,99,-9999,-9980,-9984,-9981,-9980,3,1,-9981,2,-9982,2,3,-9984,-9985,-9981,1,-9985,-9980,-9985,-9981,-9981,1,-9984,-9985,-9999,-9982,-9999,98,-9999,-9982,-9985,-9984,-9981,-9984,-9999,-9983,-9981,-9980,-9983,99,-9983,2,-9985,-9983,-9999,-9984,-9981,-9980,-9982,-9980,-9985,1,0,-9982,1,-9984,-9999,-9985,99,29,-9985,-9982,-9983,-9980,-9985,-9981,-9982,-9981,3,-9980,99,-9985,-9981,3,-9985,-9980,-9984,-9981,-9999,-9981,-9985,1,-9982,-9999,-9984,-9982,-9983,-9983,3,-9980,-9983,-9982,-9981,1,-9981,-9985,-9980,-9984,1,-9981,-9980,-9999,1,-9981,0,99,2,-9981,2,-9982,-9982,-9982,-9983,-9985,1,-9984,99,-9980,1,-9983,-9985,-9982,-9999,-9983,-9981,-9984,3,-9983,-9982,98,-9982,-9982,-9999,-9980,-9980,3,-9985,99,-9982,-9981,-9982,-9983,-9980,-9984,1,-9981,-9983,1,-9980,-9984,1,3,-9984,-9981,-9980,-9999,3,99,-9984,1,1,3,-9980,-9941,0,-9944,Prinivil,Desyrel,Skip Logic,Skip Logic,Skip Logic,Skip Logic,Skip Logic,Skip Logic,Skip Logic,Skip Logic,Skip Logic,Skip Logic,Skip Logic,Skip Logic,Hyzaar,1,1,1,0,0,1,1,0,1,1,0,0,1,0,0,1,1,1,0,0,0,0,0,0,1,0,1,1,0,1,1,1,1,1,0,0,0,0,1,0,0,3,1,1,2,3
-9944,-9944,56,0,4,-9980,13542,2,-9944,-9944,-9944,-9944,-9944,-9944,-9944,-9944,-9944,-9944,-9944,-9940,-9944,-9944,-9944,-9944,0,-9941,-9944,0,0,-9941,0,0,0,0,0,-9944,0,0,0,0,0,0,-9944,-9944,0,-9944,0,-9944,0,-9944,0,0,0,0,0,0,0,0,-9980,-9944,0,-9944,0,0,0,0,0,1,-9944,0,0,0,0,0,-9944,0,0,0,0,0,0,-9980,1,0,0,0,-9980,0,-9980,1,-9944,1,-9980,-9980,0,0,1,0,0,0,0,-9944,0,0,0,0,-9944,0,0,-9980,0,-9980,0,0,0,-9944,-9944,0,0,0,0,0,-9944,-9944,68,190,-9944,-9944,TEST_222984,-9985,1,-9983,1,-9982,3,-9999,-9980,4,6,1,1,1,4,-9999,-9999,-9984,3,-9985,-9999,-9985,-9985,-9985,1,-9983,-9980,-9984,-9982,-9984,2,-9999,-9999,-9984,-9984,-9983,-9985,-9985,3,1,-9983,0,-9981,-9985,-9985,-9984,-9982,-9980,-9981,-9982,-9982,1,-9999,-9984,3,-9984,1,-9984,2,-9980,-9980,-9999,-9985,-9984,-9983,3,1,1,-9982,-9982,2,-9980,-9981,98,3,-9982,-9980,-9981,-9984,3,-9985,-9999,-9984,-9999,3,2,3,-9981,20,-9982,99,-9983,98,-9981,-9984,-9984,-9999,3,1,0,-9982,-9982,0,-9999,98,-9983,-9999,-9999,99,-9984,3,99,1,-9985,3,-9980,-9982,1,-9983,-9999,3,-9981,-9985,-9999,-9983,-9983,99,1,-9984,3,-9984,-9983,-9982,-9985,-9981,-9999,-9985,-9984,-9984,-9980,-9980,1,-9984,-9981,1,-9983,-9981,-9984,-9983,-9984,-9984,2,1,1,-9980,-9984,-9981,-9985,-9980,-9999,-9984,-9980,-9981,-9985,98,2,-9999,-9982,-9983,2,-9981,-9985,-9999,-9985,2,-9983,-9982,-9983,-9980,-9984,-9982,-9981,-9984,-9981,-9983,-9999,-9981,-9985,-9982,-9982,-9981,-9980,-9941,0,-9944,Skip Logic,Skip Logic,Skip Logic,Skip Logic,Skip Logic,Skip Logic,Skip Logic,Skip Logic,Skip Logic,Skip Logic,Skip Logic,Skip Logic,Skip Logic,Skip Logic,Skip Logic,0,1,1,1,0,1,0,0,1,0,0,1,1,1,0,0,1,1,0,1,0,0,0,0,1,0,1,1,0,0,0,1,0,0,0,0,0,1,1,1,0,2,1,2,3,2
-9944,-9944,63,0,-9967,-9980,20041,3,-9944,-9944,-9944,-9944,-9944,-9944,-9944,-9944,-9944,-9944,-9944,-9940,-9944,-9944,-9944,-9944,0,-9941,-9944,1,0,-9941,0,0,1,0,0,-9944,0,0,0,0,0,0,-9944,-9944,0,-9944,0,-9944,0,-9944,0,0,0,0,0,0,0,0,-9980,-9944,0,-9944,0,0,-9982,0,0,0,-9944,0,0,0,0,0,-9944,0,0,0,0,0,0,-9980,0,0,0,0,-9980,0,-9980,0,-9944,0,-9980,-9980,0,0,0,0,0,0,0,-9944,1,0,0,0,-9944,0,0,-9980,0,-9980,0,0,0,-9944,-9944,0,0,0,0,0,-9944,-9944,69,219,-9944,-9944,TEST_617460,1,-9985,-9982,-9980,-9981,-9985,-9981,3,1,4,0,4,4,4,1,1,3,98,-9981,1,-9983,1,-9982,-9982,-9981,2,1,1,-9982,-9980,-9981,-9983,2,1,-9981,1,2,99,1,-9980,1,-9984,-9983,1,-9982,1,1,-9999,99,-9999,-9981,3,-9983,1,-9981,-9982,2,1,-9981,-9984,-9982,1,-9999,-9983,-9984,2,-9982,-9981,2,-9982,-9983,-9999,-9982,-9980,-9984,2,-9985,1,2,-9981,-9983,-9982,-9983,-9983,-9981,-9984,-9981,11,-9981,3,3,-9985,-9981,3,-9982,2,-9982,-9985,-9980,2,-9980,-9983,-9999,-9985,-9980,-9999,1,-9983,3,-9999,-9999,1,2,2,3,1,-9981,1,-9982,-9981,-9980,-9980,-9983,-9982,-9982,-9981,-9983,1,-9980,-9984,-9980,2,-9984,-9985,3,-9981,-9984,-9982,-9999,-9999,-9985,-9983,-9985,-9982,-9981,-9983,-9981,-9980,-9983,1,1,-9981,-9981,-9984,1,-9981,-9984,-9985,-9999,-9999,-9984,-9982,-9984,-9985,-9984,-9981,-9985,-9980,-9984,-9982,-9999,-9985,-9984,-9985,2,-9984,-9999,1,-9984,-9981,-9980,-9985,1,-9980,-9981,1,-9985,-9982,-9984,-9965,-9980,-9941,0,-9944,Skip Logic,Skip Logic,Skip Logic,Skip Logic,Skip Logic,Skip Logic,Skip Logic,Skip Logic,Skip Logic,Skip Logic,Skip Logic,Skip Logic,Skip Logic,Skip Logic,Skip Logic,0,0,0,0,0,0,0,0,1,0,0,1,0,1,1,1,0,1,1,0,0,1,1,0,0,0,1,0,1,1,1,0,1,0,0,1,1,1,1,1,0,1,1,3,1,1
-9944,-9944,20,0,2,-9980,16978,1,-9944,-9944,-9944,-9944,-9944,-9944,-9944,-9944,-9944,-9944,-9944,-9940,-9944,-9944,-9944,-9944,0,-9941,-9944,0,0,-9941,0,1,0,0,0,-9944,0,0,0,0,0,0,-9944,-9944,0,-9944,0,-9944,0,-9944,0,0,0,0,1,0,0,0,-9980,-9944,0,-9944,0,0,0,0,0,0,-9944,0,0,0,0,0,-9944,0,0,0,0,0,0,-9980,1,0,0,0,-9980,0,-9980,0,-9944,0,-9980,-9980,0,0,0,0,1,0,0,-9944,0,0,0,0,-9944,0,0,-9980,0,-9980,0,0,0,-9944,-9944,0,0,0,0,0,-9944,-9944,-9944,185,-9944,-9944,TEST_557208,-9981,-9982,1,-9982,-9984,-9982,2,-9999,4,1,0,6,-9943,4,-9983,1,-9985,1,1,1,-9983,-9985,1,-9982,2,1,-9984,3,-9983,3,-9982,2,1,-9985,-9985,-9985,-9980,-9981,1,1,-9981,-9985,-9980,2,-9980,-9985,-9985,-9984,-9982,1,-9985,-9980,-9980,-9980,3,98,-9983,3,-9984,1,-9984,-9984,1,1,-9981,3,1,-9984,-9999,-9999,-9983,-9981,0,-9984,1,-9983,-9983,-9980,-9980,-9980,-9982,-9985,3,-9983,-9983,1,-9984,18,-9999,1,2,3,-9980,-9981,-9999,-9999,2,98,-9999,-9982,-9999,-9982,-9985,-9983,-9985,-9984,-9985,-9981,-9985,-9985,-9999,-9984,-9982,3,-9985,1,-9984,1,-9982,3,-9980,-9984,-9984,-9982,-9999,-9999,-9984,-9984,3,-9985,3,1,-9980,-9985,-9981,99,-9982,-9984,-9983,-9981,-9983,-9983,-9984,-9999,-9982,1,-9984,-9981,2,-9984,-9983,-9981,-9981,-9985,1,-9981,-9983,3,-9983,-9982,-9999,-9985,3,3,-9982,-9985,-9983,-9980,-9985,99,-9985,-9981,-9984,3,-9984,1,-9999,-9981,3,1,99,-9980,-9983,-9980,2,-9981,-9982,-9980,2,4,-9980,-9941,0,-9944,Skip Logic,Skip Logic,Skip Logic,Skip Logic,Skip Logic,Skip Logic,Skip Logic,Skip Logic,Skip Logic,Skip Logic,Skip Logic,Skip Logic,Skip Logic,Skip Logic,Skip Logic,0,1,1,1,1,0,1,0,0,0,0,0,0,1,0,0,1,0,0,1,0,1,1,1,0,1,1,0,1,0,1,0,1,1,1,1,0,0,0,0,1,1,3,0,0,2
-9944,-9944,59,0,2,-9980,29018,4,-9944,-9944,-9944,-9944,-9944,-9944,-9944,-9944,-9944,-9944,-9944,-9940,-9944,-9944,-9944,-9944,0,-9941,-9944,1,1,0,0,1,1,0,0,-9944,0,0,0,0,0,0,-9944,-9944,0,-9944,0,-9944,0,-9944,0,0,0,0,0,0,0,0,-9980,-9944,0,-9944,0,0,0,0,0,0,-9944,0,0,0,0,0,-9944,0,0,0,0,0,0,-9980,0,0,0,0,-9980,0,-9980,1,-9944,1,-9980,-9980,0,0,1,1,0,1,0,-9944,0,0,0,0,-9944,0,0,-9980,0,-9980,0,0,0,-9944,-9944,0,0,0,-9968,0,-9944,-9944,59,189,-9944,-9944,TEST_935881,-9966,-9980,-9982,-9980,-9981,-9983,-9985,-9983,1,4,0,4,4,4,-9983,98,-9985,-9981,-9981,99,-9982,-9980,98,-9984,-9999,-9999,-9999,-9999,-9982,2,-9982,3,-9999,-9981,-9985,-9982,-9984,-9983,3,-9984,-9985,1,-9984,2,-9985,-9985,-9983,1,99,-9999,-9984,-9999,-9982,-9980,-9982,-9984,-9985,-9983,-9983,-9980,1,-9981,-9980,-9985,-9981,1,-9982,-9981,1,1,-9982,99,-9983,-9982,1,-9984,-9981,2,-9982,-9985,-9984,-9981,3,-9982,99,99,3,36,3,-9985,-9981,3,1,-9999,99,2,-9981,1,2,-9984,-9980,-9984,-9999,-9985,-9985,-9981,1,-9981,-9985,-9984,-9984,-9980,-9983,3,-9983,-9982,3,-9981,-9983,-9983,2,-9999,-9985,3,-9983,-9999,3,-9999,-9999,-9999,3,3,-9983,-9984,99,-9983,-9999,-9981,-9999,-9985,1,-9980,-9983,-9981,3,-9983,-9999,-9981,-9980,-9983,-9984,-9983,-9984,-9982,-9999,2,-9999,-9981,0,1,-9982,1,3,-9983,-9980,0,-9980,1,-9999,-9982,-9980,-9981,3,1,1,-9999,3,-9999,-9985,-9999,-9999,-9985,1,-9985,-9984,-9983,-9999,-9980,1,3,-9980,-9941,99,-9944,Skip Logic,Skip Logic,Skip Logic,Skip Logic,Skip Logic,Skip Logic,Skip Logic,Skip Logic,Skip Logic,Skip Logic,Skip Logic,Skip Logic,Skip Logic,Skip Logic,Skip Logic,0,1,0,1,0,1,1,0,0,1,0,1,1,0,0,0,1,0,0,1,0,1,0,1,0,1,0,0,1,0,0,0,1,1,1,0,1,1,0,1,1,1,1,1,3,2
-9944,-9944,53,0,5,-9980,40817,0,-9944,-9944,-9944,-9944,-9944,-9944,-9944,-9944,-9944,-9944,-9944,-9940,-9944,-9944,-9944,-9944,0,-9941,-9944,0,0,-9941,0,98,1,0,0,-9944,0,0,0,0,0,1,-9944,-9944,0,-9944,-9961,-9944,0,-9944,0,0,0,0,0,0,0,0,-9980,-9944,0,-9944,0,0,0,1,0,0,-9944,0,0,0,0,0,-9944,0,0,0,0,0,0,-9980,0,-9965,0,0,-9980,0,-9980,1,-9944,0,-9980,-9980,0,0,1,-9945,0,1,1,-9944,0,0,0,0,-9944,0,0,-9980,0,-9980,1,0,0,-9944,-9944,1,0,0,0,0,-9944,-9944,75,45,-9944,-9944,TEST_867973,-9944,-9980,2,1,-9985,-9999,-9980,-9982,2,2,1,4,4,4,-9980,-9985,-9980,-9983,1,-9983,-9982,-9983,-9981,1,-9980,1,2,3,-9985,-9981,-9980,-9980,-9984,-9983,1,-9999,-9980,-9999,-9985,-9983,-9980,-9981,-9985,-9983,-9983,-9981,-9982,1,-9985,-9984,-9980,-9999,-9982,-9980,3,-9983,-9982,3,-9983,2,1,3,3,2,1,1,3,2,1,-9981,-9983,-9984,-9983,-9999,3,1,-9983,3,-9983,98,-9981,-9980,-9999,1,-9980,-9981,1,11,2,-9999,-9983,-9984,-9981,-9984,2,2,-9999,-9980,1,-9981,-9984,1,-9983,2,-9983,-9983,1,-9984,1,-9982,-9984,3,-9985,-9999,3,3,-9999,-9982,-9983,-9981,-9983,1,-9999,3,-9983,3,-9983,1,1,1,-9984,-9983,-9981,-9985,-9980,2,-9999,1,-9981,1,-9984,-9985,-9984,-9999,-9980,-9980,1,3,-9983,2,-9982,-9980,-9984,-9982,99,-9999,-9981,-9983,1,1,-9980,-9985,-9983,-9984,-9999,2,2,-9982,-9980,-9980,-9985,-9984,-9985,-9999,-9980,-9982,1,-9984,1,-9985,-9984,2,99,-9981,99,3,-9983,-9999,2,2,-9980,-9941,0,-9944,Skip Logic,Skip Logic,Skip Logic,Skip Logic,Skip Logic,Skip Logic,Skip Logic,Skip Logic,Skip Logic,Skip Logic,Skip Logic,Skip Logic,Skip Logic,Skip Logic,Skip Logic,0,0,1,0,1,1,0,1,1,1,0,0,1,0,1,0,0,1,0,0,0,1,0,1,1,1,0,0,0,1,1,1,0,1,1,1,1,1,1,1,0,2,1,2,1,1
-9944,-9944,20,0,2,-9980,81115,3,-9944,-9944,-9944,-9944,-9944,-9944,-9944,-9944,-9944,-9944,-9944,-9940,-9944,-9944,-9944,-9944,98,0,-9944,0,0,-9941,0,0,1,0,0,-9944,0,0,0,0,0,0,-9944,-9944,0,-9944,0,-9944,0,-9944,0,0,0,0,0,0,0,0,-9980,-9944,0,-9944,0,0,0,0,0,0,-9944,1,0,0,0,0,-9944,0,0,0,0,0,0,-9980,1,0,0,0,-9980,0,-9980,0,-9944,1,-9980,-9980,0,0,1,0,1,0,0,-9944,0,0,0,0,-9944,0,0,-9980,-9941,-9980,0,0,0,-9944,-9944,0,0,0,0,0,-9944,-9944,62,273,-9944,-9944,TEST_893563,-9987,-9999,-9980,-9999,-9983,99,-9984,2,1,6,0,4,2,6,-9982,2,98,-9984,-9999,99,-9983,-9985,-9980,-9985,-9981,1,2,-9985,99,3,2,-9984,-9983,-9982,3,1,-9980,3,2,-9984,-9982,-9984,-9982,1,1,1,-9982,99,-9980,-9983,98,1,-9981,-9984,-9981,-9981,-9980,-9985,-9999,-9982,-9984,-9981,2,1,2,-9982,-9981,-9985,-9982,3,-9985,1,-9983,-9985,-9981,-9983,-9983,-9983,-9985,-9983,-9984,-9984,-9999,1,99,-9999,-9985,-9982,-9984,1,1,-9982,-9981,-9982,-9980,-9981,-9981,1,-9983,-9982,1,-9980,-9984,-9982,1,3,-9982,-9983,-9985,-9981,1,-9985,2,-9982,-9980,-9983,2,-9984,-9983,-9985,1,-9981,-9983,-9983,-9984,-9999,-9983,-9980,-9982,1,-9984,3,-9981,-9985,-9999,3,-9984,-9999,-9980,3,-9981,-9983,-9981,-9984,-9984,-9999,-9985,-9983,-9980,-9983,-9980,2,3,-9981,-9983,-9999,99,-9999,-9982,-9999,-9999,-9999,1,-9985,-9983,-9983,-9983,-9981,-9984,99,-9999,2,-9983,99,3,-9999,-9980,3,-9999,-9984,-9983,-9980,-9983,-9983,-9980,-9984,-9984,1,1,-9986,-9980,-9941,0,-9944,Glucophage,Naproxen,Alendronate,Prednisolone,Glucophage,Vibramycin,Aspirin,Prinivil,Tramadol,Plavix,Albuterol,Spironolactone,Skip Logic,Skip Logic,Microzide,1,0,0,0,1,1,1,0,0,1,0,0,1,0,0,0,0,1,1,0,1,0,1,0,1,1,0,0,0,0,1,1,1,1,1,0,0,0,0,1,0,0,2,1,1,2
-9944,-9944,20,0,5,-9980,21354,4,-9944,-9944,-9944,-9944,-9944,-9944,-9944,-9944,-9944,-9944,-9944,-9940,-9944,-9944,-9944,-9944,0,-9941,-9944,1,0,-9941,0,0,0,0,0,-9944,0,0,0,0,0,0,-9944,-9944,0,-9944,0,-9944,-9982,-9944,0,0,0,0,1,0,0,0,-9980,-9944,0,-9944,0,0,0,0,0,0,-9944,0,0,0,0,0,-9944,1,0,0,0,0,0,-9980,0,0,0,0,-9980,0,-9980,0,-9944,0,-9980,-9980,0,0,1,0,0,0,0,-9944,0,0,-9984,0,-9944,0,0,-9980,0,-9980,0,0,0,-9944,-9944,1,0,0,0,0,-9944,-9944,62,90,-9944,-9944,TEST_639766,0,-9985,-9981,3,99,-9999,1,3,1,4,0,4,4,6,-9982,-9981,1,-9981,-9981,-9983,-9981,98,1,-9980,3,-9985,1,-9980,-9984,3,1,-9981,-9985,1,1,-9980,-9982,-9985,-9999,1,-9999,1,2,-9999,1,-9983,-9985,99,99,99,2,3,-9985,-9985,-9983,1,-9999,-9982,-9985,-9980,-9985,-9981,-9982,2,-9984,2,-9985,1,3,-9982,2,-9981,-9984,-9980,1,-9999,1,1,99,1,1,-9980,-9984,-9983,-9984,3,-9983,3,1,-9984,3,-9983,-9980,-9984,-9982,-9981,1,98,-9981,-9983,1,1,-9982,-9980,-9984,-9985,-9999,3,-9983,2,-9985,-9985,-9999,-9980,-9985,1,-9982,-9983,1,1,1,1,-9999,-9981,3,1,-9983,-9999,-9980,-9980,-9982,2,1,1,-9999,-9982,2,-9982,-9981,-9999,2,-9981,-9999,1,-9980,-9982,-9985,-9985,-9981,-9983,-9984,-9980,-9984,3,-9983,1,-9984,-9985,-9982,-9999,-9980,98,-9981,-9981,3,-9981,-9985,-9999,1,-9983,99,-9999,1,-9981,-9980,-9999,-9984,-9983,1,-9982,-9980,-9984,2,99,-9982,2,3,3,-9985,-9984,-9980,-9941,0,-9944,Skip Logic,Skip Logic,Skip Logic,Skip Logic,Skip Logic,Skip Logic,Skip Logic,Skip Logic,Skip Logic,Skip Logic,Skip Logic,Skip Logic,Skip Logic,Skip Logic,Skip Logic,0,1,0,0,1,1,1,1,0,1,1,1,0,1,1,1,1,1,0,1,0,1,1,1,1,1,1,1,1,1,1,0,0,0,0,0,0,1,0,1,1,1,2,2,1,1
-9944,-9944,12,1,4,-9980,51661,0,-9944,-9944,-9944,-9944,-9944,-9944,-9944,-9944,-9944,-9944,-9944,-9940,-9944,-9944,-9944,-9944,0,-9941,-9944,0,0,-9941,0,1,1,0,0,-9944,0,0,0,0,0,0,-9944,-9944,0,-9944,0,-9944,0,-9944,0,0,0,0,0,-9943,0,0,-9980,-9944,0,-9944,0,0,0,0,1,0,-9944,0,0,0,0,0,-9944,0,0,0,0,1,0,-9980,1,0,0,0,-9980,0,-9980,0,-9944,1,-9980,-9980,0,0,0,0,0,0,0,-9944,0,0,0,0,-9944,1,0,-9980,0,-9980,0,0,0,-9944,-9944,0,0,0,0,0,-9944,-9944,77,289,-9944,-9944,TEST_363652,1,2,-9984,-9980,-9983,-9982,-9985,-9984,4,4,0,6,4,6,1,-9984,-9984,-9984,3,-9980,-9982,99,-9999,3,2,-9999,-9984,-9981,-9985,-9981,-9984,-9985,-9983,1,-9982,-9999,99,-9999,-9981,-9983,-9982,3,-9981,-9981,1,-9999,-9980,2,-9985,98,-9999,2,-9983,-9982,-9984,3,-9985,-9984,1,2,1,2,-9985,1,-9980,-9985,1,-9983,-9999,-9985,-9984,-9980,-9982,2,3,99,-9980,-9985,99,2,-9984,98,-9985,99,-9980,-9982,1,60,-9980,-9980,-9985,1,-9985,-9983,-9983,-9985,1,3,-9984,-9980,-9985,1,-9981,2,-9982,1,-9984,2,-9980,-9984,-9999,-9984,2,-9980,-9999,-9983,1,-9999,-9982,-9985,1,2,-9985,-9982,-9999,-9985,-9983,-9981,2,-9980,1,-9980,-9984,99,-9981,-9983,99,-9982,-9984,1,98,-9980,-9980,-9982,-9999,3,2,-9985,1,-9982,-9981,0,-9981,2,-9999,-9982,2,1,3,1,-9982,-9984,-9999,-9999,-9980,-9983,2,-9985,-9984,2,1,-9984,1,1,-9984,1,-9984,1,1,-9980,-9980,3,99,-9984,1,-9985,-9981,-9980,-9983,-9980,-9980,-9941,1,-9944,Synthroid,Flomax,Plavix,Lopressor,Skip Logic,Skip Logic,Skip Logic,Skip Logic,Skip Logic,Skip Logic,Skip Logic,Skip Logic,Skip Logic,Skip Logic,Norgestimate,1,1,0,0,0,1,1,0,0,0,1,0,1,1,1,0,1,0,1,1,0,0,0,0,0,0,1,0,0,0,1,0,1,0,1,0,1,0,1,0,0,0,3,1,2,2
-9944,-9944,43,1,5,-9980,93649,0,-9944,-9944,-9944,-9944,-9944,-9944,-9944,-9944,-9944,-9944,-9944,-9940,-9944,-9944,-9944,-9944,1,0,-9944,1,0,-9941,0,0,98,0,0,-9944,0,0,0,0,0,0,-9944,-9944,0,-9944,0,-9944,0,-9944,0,0,0,0,0,0,0,0,-9980,-9944,0,-9944,0,1,0,1,0,0,-9944,0,0,0,0,0,-9944,0,0,0,0,0,0,-9980,1,1,0,0,-9980,-9982,-9980,0,-9944,0,-9980,-9980,0,0,0,1,0,0,0,-9944,1,0,0,0,-9944,0,0,-9980,0,-9980,1,0,0,-9944,-9944,0,0,0,0,0,-9944,-9944,65,120,-9944,-9944,TEST_017096,-9946,-9999,-9980,-9984,-9981,-9980,-9999,-9981,6,4,0,4,4,2,2,-9982,-9983,-9999,2,-9981,2,-9980,-9981,2,-9983,1,-9983,1,-9981,1,-9982,-9985,-9983,1,-9983,-9982,-9982,99,-9981,-9980,1,-9983,1,-9982,-9982,3,-9983,3,-9985,-9985,-9980,-9981,-9981,-9984,-9985,3,-9985,-9981,-9982,-9981,1,-9982,1,1,2,-9984,1,3,-9984,-9980,-9999,-9982,99,-9983,-9985,1,-9980,-9983,1,-9982,1,-9980,-9985,1,-9984,99,-9999,55,2,99,-9981,-9980,-9983,-9983,1,-9982,-9981,1,-9983,-9983,-9983,1,2,1,-9980,1,-9981,-9981,0,-9982,-9985,1,-9982,-9983,-9981,-9985,-9982,-9983,-9983,1,-9981,-9985,-9980,-9983,-9985,-9982,-9999,-9983,-9984,-9983,-9983,2,-9980,1,-9981,-9983,-9983,-9984,-9983,-9983,1,-9983,-9982,-9980,-9981,-9980,3,-9999,99,-9999,-9981,-9999,-9999,-9984,2,1,-9980,99,-9985,-9983,-9981,-9980,-9983,-9980,1,-9982,-9980,-9984,-9982,-9985,-9983,1,-9980,-9985,-9999,-9982,-9983,-9999,2,-9985,1,-9981,3,-9983,-9982,-9999,-9984,-9999,-9983,-9942,-9980,-9941,1,-9944,Skip Logic,Skip Logic,Skip Logic,Skip Logic,Skip Logic,Skip Logic,Skip Logic,Skip Logic,Skip Logic,Skip Logic,Skip Logic,Skip Logic,Skip Logic,Skip Logic,Skip Logic,0,1,1,1,1,1,0,1,0,0,1,0,1,0,1,0,1,1,1,1,0,0,0,0,0,1,0,1,0,1,1,0,0,0,1,1,0,0,1,1,1,1,1,2,1,3
-9944,-9944,2,0,4,-9980,95770,0,-9944,-9944,-9944,-9944,-9944,-9944,-9944,-9944,-9944,-9944,-9944,-9940,-9944,-9944,-9944,-9944,0,-9941,-9944,98,0,-9941,0,1,1,0,0,-9944,0,0,0,0,0,1,-9944,-9944,0,-9944,1,-9944,0,-9944,0,0,0,0,0,0,0,0,-9980,-9944,0,-9944,0,0,0,1,0,0,-9944,0,0,0,-9999,0,-9944,0,0,0,0,0,0,-9980,1,0,0,0,-9980,0,-9980,0,-9944,1,-9980,-9980,0,0,0,0,0,0,1,-9944,1,0,0,0,-9944,1,0,-9980,0,-9980,0,0,0,-9944,-9944,0,0,0,0,0,-9944,-9944,69,276,-9944,-9944,TEST_599412,-9987,-9983,-9981,-9999,-9981,-9980,-9983,-9982,4,99,0,4,4,6,-9983,2,-9980,1,-9985,99,-9983,99,-9982,-9985,99,-9999,-9984,-9983,-9999,-9984,-9985,3,-9981,-9981,3,-9999,-9984,-9981,0,-9980,2,3,1,-9999,-9981,-9983,-9984,-9980,-9984,-9984,-9985,-9984,-9985,-9981,-9984,3,-9982,3,-9983,3,-9999,-9985,-9980,3,-9980,2,-9982,1,-9980,-9980,3,2,99,0,2,-9983,-9985,-9983,0,-9983,-9981,-9984,1,-9980,-9982,1,-9985,24,-9985,-9982,98,-9983,-9985,-9985,-9985,-9983,-9985,-9999,1,-9983,-9985,1,3,-9985,2,-9999,-9981,-9984,1,3,98,-9999,-9982,-9999,-9985,-9984,1,-9980,-9984,-9980,-9981,-9982,1,-9984,-9985,-9999,3,-9983,-9982,-9985,-9980,-9982,1,-9984,-9985,-9982,1,-9982,99,-9980,-9981,2,-9981,1,3,1,-9982,3,-9984,99,-9985,-9980,-9983,-9999,-9984,-9982,1,-9981,-9985,-9982,-9985,1,3,-9983,-9999,-9985,-9999,-9981,3,-9984,-9983,-9981,-9983,-9985,-9981,-9983,-9981,-9983,-9983,2,-9999,-9985,2,1,-9984,-9983,-9999,-9982,-9981,-9982,-9980,-9941,-9940,-9944,Vibramycin,Skip Logic,Skip Logic,Skip Logic,Skip Logic,Skip Logic,Skip Logic,Skip Logic,Skip Logic,Skip Logic,Skip Logic,Skip Logic,Skip Logic,Skip Logic,Synthroid,1,1,0,0,0,1,0,1,0,1,1,1,1,0,1,0,1,0,0,0,1,0,0,0,1,0,1,1,1,0,1,0,1,1,0,0,1,1,1,0,0,2,1,3,0,1
-9944,-9944,52,1,3,-9980,20796,3,-9944,-9944,-9944,-9944,-9944,-9944,-9944,-9944,-9944,-9944,-9944,-9940,-9944,-9944,-9944,-9944,0,-9941,-9944,0,0,-9941,0,0,0,0,0,-9944,0,0,0,0,0,0,-9944,-9944,0,-9944,0,-9944,0,-9944,0,1,0,0,0,0,0,0,-9980,-9944,0,-9944,0,0,0,0,1,0,-9944,0,0,0,0,0,-9944,0,0,0,0,0,0,-9980,1,0,0,0,-9980,0,-9980,0,-9944,0,-9980,-9980,0,0,1,0,0,0,0,-9944,1,0,0,0,-9944,0,0,-9980,0,-9980,0,0,0,-9944,-9944,1,0,0,0,0,-9944,-9944,78,64,-9944,-9944,TEST_870372,0,-9999,-9985,-9980,-9981,-9983,-9999,-9980,6,4,0,4,4,4,-9980,-9983,-9982,99,-9984,2,1,-9983,-9983,-9980,-9984,-9984,99,-9985,-9985,99,-9981,-9983,-9980,-9981,-9981,1,-9980,-9982,3,-9981,2,1,-9983,-9985,-9985,1,-9980,-9985,-9980,-9982,-9984,-9985,-9982,-9999,3,98,3,-9980,-9981,1,-9982,0,-9982,-9981,-9980,-9985,-9981,-9983,1,3,-9999,3,-9999,99,-9982,-9983,-9984,-9999,1,-9999,-9982,-9999,-9982,-9983,1,-9985,99,9,2,-9984,99,-9984,1,-9982,1,-9983,-9981,-9981,1,-9983,-9980,0,2,0,-9999,-9983,-9980,-9981,-9982,-9980,-9982,99,-9983,2,3,-9984,-9983,-9985,1,-9981,-9982,-9985,-9983,2,-9982,-9984,-9999,1,-9983,-9999,3,-9984,-9980,-9980,-9982,98,-9985,-9982,-9983,-9984,-9982,-9985,-9982,99,-9980,-9985,-9983,1,-9981,-9999,-9981,-9982,-9999,-9980,-9999,99,2,1,-9981,-9985,-9999,-9985,-9982,-9980,3,3,-9982,-9999,1,3,-9982,-9982,99,-9983,1,1,1,1,-9982,-9985,-9999,-9982,-9999,-9980,2,-9982,99,2,-9980,-9960,-9980,-9941,1,-9944,ProAir,Prednisone,Zyrtec,Xalatan,Macrobid,Gabapentin,Glucophage,Norvasc,Losartan,Klonopin,Prinivil,Prinivil,Glucophage,Norvasc,Ativan,1,0,0,1,0,1,1,0,0,1,1,1,1,0,0,1,1,1,1,1,1,0,0,1,0,0,0,1,0,1,1,1,1,1,1,0,0,1,1,1,1,1,0,1,2,1
-9944,-9944,47,1,3,-9980,16330,0,-9944,-9944,-9944,-9944,-9944,-9944,-9944,-9944,-9944,-9944,-9944,-9940,-9944,-9944,-9944,-9944,0,-9941,-9944,0,0,-9941,0,0,0,0,98,-9944,0,0,0,0,0,0,-9944,-9944,0,-9944,0,-9944,0,-9944,0,0,0,0,0,0,0,0,-9980,-9944,0,-9944,0,0,0,0,0,0,-9944,0,0,0,0,0,-9944,0,0,0,0,0,0,-9980,1,0,0,0,-9980,0,-9980,0,-9944,1,-9980,-9980,0,0,0,0,0,0,0,-9944,0,-9985,0,0,-9944,0,0,-9980,0,-9980,0,0,0,-9944,-9944,0,0,0,0,0,-9944,-9944,66,253,-9944,-9944,TEST_859142,1,-9984,3,-9984,1,99,-9985,-9983,6,4,1,4,4,97,-9980,1,99,-9982,3,-9980,2,2,98,-9980,-9984,-9982,2,-9980,-9984,-9984,-9980,-9999,98,-9981,-9981,-9981,-9981,-9983,-9999,-9999,-9982,-9999,3,-9983,2,-9984,2,1,99,1,1,-9981,-9982,1,-9985,2,1,-9981,3,3,-9981,-9984,-9985,-9982,-9985,2,-9999,-9983,-9999,-9984,1,-9985,-9984,-9981,2,-9983,-9981,2,-9999,-9981,-9980,1,-9983,-9982,-9980,1,-9981,58,2,2,-9982,2,-9981,0,2,-9984,-9981,2,-9982,-9985,-9982,-9982,1,-9982,-9980,2,-9985,2,-9985,-9982,-9999,-9999,-9982,1,99,-9985,-9984,-9980,-9982,2,-9984,1,-9980,-9985,1,1,3,-9985,99,-9981,-9982,-9982,-9985,-9999,-9981,1,-9981,-9981,-9983,2,-9981,1,-9983,-9999,-9999,1,-9983,-9984,-9984,-9984,2,-9985,-9983,-9983,99,-9981,-9984,2,-9984,-9983,-9981,-9983,-9999,-9981,1,99,-9982,-9999,-9984,-9984,-9981,-9983,-9981,-9982,-9983,-9999,3,-9980,-9999,-9984,-9985,1,3,1,1,-9980,3,2,3,-9965,-9980,-9941,0,-9944,Lipitor,Skip Logic,Skip Logic,Skip Logic,Skip Logic,Skip Logic,Skip Logic,Skip Logic,Skip Logic,Skip Logic,Skip Logic,Skip Logic,Skip Logic,Skip Logic,Methylphenidate,1,1,0,0,1,0,0,1,0,1,0,1,0,1,0,0,0,1,0,1,1,1,0,0,0,1,1,1,0,1,0,0,1,0,1,1,1,1,1,1,1,3,1,2,2,3
-9944,-9944,32,0,2,-9980,18920,4,-9944,-9944,-9944,-9944,-9944,-9944,-9944,-9944,-9944,-9944,-9944,-9940,-9944,-9944,-9944,-9944,0,-9941,-9944,0,0,-9941,0,0,1,0,0,-9944,0,0,0,98,0,0,-9944,-9944,0,-9944,0,-9944,0,-9944,0,0,0,0,0,0,0,0,-9980,-9944,0,-9944,0,0,0,0,0,0,-9944,0,0,0,0,0,-9944,0,0,0,0,0,0,-9980,1,0,0,0,-9980,-9943,-9980,0,-9944,1,-9980,-9980,0,0,0,1,0,0,0,-9944,1,0,0,0,-9944,0,0,-9980,0,-9980,1,0,0,-9944,-9944,1,0,0,0,0,-9944,-9944,59,238,-9944,-9944,TEST_768878,-9964,-9999,-9985,-9982,3,-9984,-9985,-9982,3,6,1,4,6,4,-9981,-9982,-9981,2,2,-9980,-9983,-9984,-9984,-9980,2,-9980,-9999,-9980,-9985,-9983,-9982,3,-9981,1,-9985,-9983,-9982,1,-9981,1,-9983,-9983,-9984,-9982,-9983,-9999,99,-9981,-9982,2,-9982,-9982,3,-9983,-9985,-9982,99,-9984,-9980,-9981,-9982,3,-9981,3,1,-9981,-9982,1,-9982,-9984,3,-9999,-9982,2,1,3,-9980,2,-9999,-9982,-9984,-9981,0,-9985,-9980,-9982,1,71,1,98,99,-9984,3,-9982,-9980,-9985,-9983,1,2,-9999,1,-9985,-9983,-9983,-9999,-9980,-9985,-9981,3,-9984,-9984,-9981,-9985,-9984,-9982,3,1,-9981,-9985,-9981,-9985,-9981,-9980,1,3,-9984,-9983,-9984,-9980,-9999,-9984,-9980,-9984,-9983,3,-9981,1,-9999,1,-9983,-9981,1,1,-9983,3,2,-9980,-9981,1,-9980,3,1,-9982,-9985,-9983,-9999,-9985,-9984,-9982,-9985,-9984,3,-9984,-9982,-9985,3,1,-9983,-9984,2,-9999,3,-9981,-9985,-9985,98,-9981,-9985,-9981,-9980,98,-9985,-9985,-9984,3,1,0,-9984,-9984,-9968,-9980,-9941,0,-9944,Skip Logic,Skip Logic,Skip Logic,Skip Logic,Skip Logic,Skip Logic,Skip Logic,Skip Logic,Skip Logic,Skip Logic,Skip Logic,Skip Logic,Skip Logic,Skip Logic,Skip Logic,0,1,0,0,1,0,1,0,0,1,1,0,0,0,0,0,1,1,0,0,0,0,1,0,0,0,1,0,1,0,1,1,1,1,0,1,0,0,0,0,0,2,2,1,1,1
-9944,-9944,61,1,2,-9980,45816,0,-9944,-9944,-9944,-9944,-9944,-9944,-9944,-9944,-9944,-9944,-9944,-9940,-9944,-9944,-9944,-9944,0,-9941,-9944,0,0,-9941,0,0,0,0,0,-9944,0,0,0,0,0,0,-9944,-9944,0,-9944,0,-9944,0,-9944,0,0,0,0,0,0,0,0,-9980,-9944,0,-9944,0,0,0,-9940,0,0,-9944,0,0,0,1,0,-9944,0,0,0,0,0,0,-9980,1,0,0,0,-9980,0,-9980,0,-9944,0,-9980,-9980,0,0,1,0,0,0,0,-9944,0,0,0,0,-9944,0,0,-9980,0,-9980,0,0,0,-9944,-9944,0,0,0,0,0,-9944,-9944,74,146,-9944,-9944,TEST_933587,-9968,-9983,-9981,-9985,-9985,-9983,-9981,-9982,98,2,0,4,4,4,-9982,-9980,3,2,-9980,2,-9980,-9985,-9999,3,-9999,2,1,3,-9983,-9985,2,-9985,-9981,-9985,-9980,-9999,-9981,-9982,-9981,-9983,-9984,-9980,2,-9980,-9985,-9999,-9999,-9984,-9983,2,3,-9983,1,-9982,3,-9999,-9980,-9981,-9981,-9985,-9983,-9985,1,-9984,-9982,-9981,2,-9982,-9984,-9982,-9982,-9999,-9984,-9999,-9980,-9980,-9981,-9983,-9983,-9999,-9982,98,-9983,-9999,-9982,-9982,-9985,58,-9981,-9985,2,2,-9999,-9980,-9999,-9981,-9981,-9999,-9984,-9983,-9980,-9983,-9999,-9985,-9981,99,-9981,1,1,2,-9985,-9982,1,-9982,2,1,-9999,98,-9984,-9985,1,-9982,-9984,-9981,-9981,-9985,-9999,-9984,1,-9999,1,-9982,-9982,-9984,-9985,-9980,-9984,-9980,-9999,-9982,-9985,-9984,-9980,-9981,-9999,-9982,-9999,-9982,-9982,2,-9984,1,-9984,-9982,-9983,-9982,-9982,-9984,3,-9981,2,-9999,-9981,-9985,3,-9983,-9982,-9981,1,-9985,-9980,1,1,-9984,2,-9981,2,-9999,-9999,99,-9985,3,-9983,-9981,-9983,-9983,-9982,-9982,-9980,5,-9980,-9941,0,-9944,Skip Logic,Skip Logic,Skip Logic,Skip Logic,Skip Logic,Skip Logic,Skip Logic,Skip Logic,Skip Logic,Skip Logic,Skip Logic,Skip Logic,Skip Logic,Skip Logic,Skip Logic,0,0,1,1,1,0,1,1,0,0,0,0,0,1,1,1,1,0,1,1,1,1,1,1,1,0,0,1,0,0,0,1,1,0,0,0,0,1,1,1,0,3,3,1,2,1
-9944,-9944,54,1,4,-9980,48581,0,-9944,-9944,-9944,-9944,-9944,-9944,-9944,-9944,-9944,-9944,-9944,-9940,-9944,-9944,-9944,-9944,0,-9941,-9944,1,0,-9941,0,0,1,0,0,-9944,0,0,0,0,0,0,-9944,-9944,0,-9944,0,-9944,0,-9944,0,0,0,0,0,0,0,0,-9980,-9944,0,-9944,0,1,0,0,0,0,-9944,0,0,0,0,0,-9944,0,0,0,0,0,0,-9980,0,0,0,0,-9980,0,-9980,0,-9944,0,-9980,-9980,0,0,0,0,0,0,1,-9944,0,0,0,0,-9944,0,0,-9980,0,-9980,1,0,0,-9944,-9944,0,0,0,0,0,-9944,-9944,74,100,-9944,-9944,TEST_713181,-9964,1,-9980,0,-9983,3,-9980,-9981,4,99,0,-9943,1,5,-9982,-9980,-9985,-9982,-9984,99,-9984,-9999,-9985,-9984,-9999,-9985,1,-9981,-9981,-9985,-9983,-9985,-9985,-9985,-9984,99,-9985,-9982,-9983,-9985,2,-9985,-9983,-9999,1,-9984,-9999,2,1,-9985,3,-9983,-9984,-9985,-9984,-9983,1,2,1,-9980,-9999,-9980,-9982,-9980,1,-9980,-9982,-9983,1,-9984,-9982,-9985,-9985,-9982,2,-9982,2,-9981,2,-9982,-9985,3,-9999,-9984,3,-9985,-9983,15,-9982,99,-9985,-9985,-9984,-9985,-9981,2,1,-9982,-9980,-9985,-9980,-9983,-9980,-9983,1,-9982,-9983,99,-9981,-9981,-9981,2,-9999,-9984,-9981,-9980,-9982,2,-9982,-9980,-9984,-9980,-9980,1,-9982,2,-9985,-9983,-9980,-9983,3,-9982,1,-9980,-9983,-9982,-9984,-9981,-9982,-9982,-9985,-9981,1,99,-9984,-9981,-9982,-9984,2,-9983,-9984,2,-9999,2,-9983,-9999,-9985,-9983,-9984,-9982,1,99,-9982,-9999,-9982,0,-9980,-9985,-9980,-9999,-9980,-9980,2,-9981,-9999,-9981,-9982,1,-9981,-9999,3,3,1,-9983,1,3,-9982,-9999,-9982,-9999,-9980,-9941,99,-9944,Montelukast,Amaryl,Prinivil,Vicodin,Insulin Glargine,Prinivil,Diltiazem,Klonopin,Lopressor,Klonopin,Memantine,Cymbalta,Skip Logic,Skip Logic,Omeprazole,1,1,1,0,0,0,1,1,1,0,0,0,1,0,1,1,0,0,1,1,1,1,1,0,0,0,0,1,1,0,1,1,1,0,1,0,1,1,1,1,0,2,1,1,0,1
-9944,-9944,6,0,3,-9980,37817,2,-9944,-9944,-9944,-9944,-9944,-9944,-9944,-9944,-9944,-9944,-9944,-9940,-9944,-9944,-9944,-9944,0,-9941,-9944,0,0,-9941,0,0,0,97,0,-9944,0,0,0,0,-9942,0,-9944,-9944,0,-9944,0,-9944,0,-9944,0,0,0,0,-9982,0,0,0,-9980,-9944,0,-9944,0,0,0,0,0,1,-9944,0,0,0,0,0,-9944,0,0,0,0,0,0,-9980,1,0,0,0,-9980,0,-9980,0,-9944,0,-9980,-9980,0,0,1,0,0,0,0,-9944,0,0,0,0,-9944,1,0,-9980,0,-9980,0,0,99,-9944,-9944,0,0,0,0,0,-9944,-9944,68,137,-9944,-9944,TEST_156923,-9946,-9983,1,-9985,-9983,-9981,-9999,98,-9967,98,0,4,4,4,-9999,-9982,1,-9980,-9980,3,3,-9980,-9982,-9984,3,-9999,-9999,3,-9999,1,0,1,-9983,-9981,-9983,1,-9982,-9983,-9983,-9983,3,-9982,-9999,-9985,3,-9981,-9985,-9999,1,-9984,-9984,-9999,-9981,-9985,3,0,-9999,-9984,1,-9985,-9982,-9983,1,1,-9999,-9999,-9985,-9999,3,-9983,-9985,2,-9999,-9984,-9980,-9980,2,-9984,-9981,-9980,-9981,-9985,-9980,-9980,-9983,-9983,-9981,23,-9981,1,-9999,-9999,99,-9985,3,-9981,-9980,-9981,-9980,1,3,3,3,2,-9985,0,-9985,-9999,-9983,-9983,-9983,-9999,1,-9999,-9983,-9981,-9981,-9980,-9982,1,3,3,3,-9981,99,-9985,-9982,-9984,3,1,2,-9983,-9984,-9999,1,-9980,-9981,-9999,-9984,-9985,99,1,-9985,1,-9984,2,-9999,-9983,-9980,-9982,-9984,-9981,2,0,3,-9983,3,-9985,-9981,-9983,-9984,-9980,-9981,-9982,-9985,3,-9982,-9985,-9985,-9999,-9980,-9981,-9982,-9999,2,-9980,-9983,1,-9980,-9984,-9982,-9982,-9983,-9985,-9984,-9981,-9982,1,-9982,-9945,-9980,-9941,0,-9944,Synthroid,Meclizine,Skip Logic,Skip Logic,Skip Logic,Skip Logic,Skip Logic,Skip Logic,Skip Logic,Skip Logic,Skip Logic,Skip Logic,Skip Logic,Skip Logic,Ibuprofen,1,1,1,1,1,1,1,1,1,1,0,0,1,0,1,1,0,1,1,0,1,1,0,1,1,0,1,1,1,0,0,1,1,1,0,0,0,1,1,0,0,1,2,1,1,1
-9944,-9944,44,1,2,-9980,22281,0,-9944,-9944,-9944,-9944,-9944,-9944,-9944,-9944,-9944,-9944,-9944,-9940,-9944,-9944,-9944,-9944,0,-9941,-9944,0,0,-9941,0,0,98,0,0,-9944,0,0,0,0,0,0,-9944,-9944,0,-9944,0,-9944,0,-9944,0,0,0,0,0,0,0,0,-9980,-9944,0,-9944,0,1,0,1,0,0,-9944,0,0,0,0,0,-9944,0,0,0,0,0,0,-9980,0,0,0,-9965,-9980,0,-9980,0,-9944,0,-9980,-9980,0,0,1,0,1,0,1,-9944,1,0,0,0,-9944,0,1,-9980,0,-9980,0,0,0,-9944,-9944,0,0,0,0,0,-9944,-9944,-9941,230,-9944,-9944,TEST_229733,3,-9980,-9984,-9985,-9981,-9983,98,-9999,4,4,0,4,6,4,-9983,-9985,-9980,1,1,3,2,-9980,-9981,-9983,0,2,2,-9999,-9982,-9980,-9983,-9983,2,3,3,-9980,-9999,3,-9983,99,-9983,-9982,-9983,2,-9983,-9980,-9982,-9985,-9984,-9985,-9980,-9984,-9984,1,98,1,-9982,1,-9999,-9999,-9980,-9983,-9984,-9980,-9984,-9982,-9984,-9999,-9980,-9985,-9985,-9999,-9985,99,1,-9982,-9984,1,-9982,-9983,1,-9980,-9980,-9984,2,-9980,1,79,1,-9999,2,-9985,-9985,-9985,-9999,-9985,-9983,-9980,-9981,-9981,-9981,3,-9985,-9981,-9980,-9981,-9983,99,99,2,-9981,-9981,-9999,2,-9981,-9985,-9980,-9981,-9984,-9985,-9999,-9982,-9981,-9981,3,3,-9984,-9985,-9983,-9981,2,-9983,-9983,-9985,-9984,-9980,-9982,98,2,2,-9984,-9982,-9984,-9982,2,-9980,3,-9985,1,2,1,-9999,1,-9983,-9980,-9980,-9983,1,1,-9985,-9981,-9981,-9983,1,-9983,-9999,-9980,2,-9985,-9980,-9983,-9980,-9983,-9981,1,99,3,3,-9983,-9984,99,-9983,-9981,1,1,3,-9982,-9985,98,99,-9980,-9941,0,-9944,Diltiazem,Januvia,Oxycodone,Skip Logic,Skip Logic,Skip Logic,Skip Logic,Skip Logic,Skip Logic,Skip Logic,Skip Logic,Skip Logic,Skip Logic,Skip Logic,Clavulanate,1,1,1,1,0,0,0,1,0,1,0,0,1,1,1,1,1,1,1,1,1,0,1,0,0,1,0,1,1,1,0,0,1,0,0,1,1,1,1,1,0,1,1,1,1,2
